0,2,3,4,5,6
2021.09.15,1.18261,1.18317,1.18197,1.18234,6716
2021.09.15,1.18051,1.18286,1.1799,1.1826,11530
2021.09.15,1.18054,1.18118,1.18034,1.1805,3481
2021.09.15,1.18039,1.18074,1.18002,1.18052,2087
2021.09.14,1.18219,1.1826,1.1799899999999999,1.18038,6825
2021.09.14,1.18414,1.18456,1.18155,1.18218,17545
2021.09.14,1.1821,1.18456,1.1799899999999999,1.18413,16807
2021.09.14,1.18127,1.18298,1.1806299999999998,1.1820899999999999,10251
2021.09.14,1.18082,1.1818799999999998,1.18061,1.18129,3295
2021.09.14,1.1810200000000002,1.18121,1.18038,1.18084,1488
2021.09.13,1.1807,1.1811,1.18012,1.181,5760
2021.09.13,1.1782299999999999,1.1816799999999998,1.1782299999999999,1.18071,15621
2021.09.13,1.17892,1.1792799999999999,1.17698,1.17824,11071
2021.09.13,1.17954,1.17959,1.17743,1.17893,11245
2021.09.13,1.1805299999999999,1.18068,1.17935,1.17956,3003
2021.09.13,1.18115,1.18144,1.18044,1.18051,1591
2021.09.10,1.1818899999999999,1.1819,1.18096,1.18107,7983
2021.09.10,1.1827299999999998,1.18381,1.18159,1.18187,23354
2021.09.10,1.1848100000000001,1.18484,1.1826299999999998,1.18272,15097
2021.09.10,1.1830100000000001,1.18515,1.18249,1.18482,13787
2021.09.10,1.1824299999999999,1.1833200000000001,1.18191,1.1830200000000002,5324
2021.09.10,1.18228,1.1828299999999998,1.18224,1.18245,1896
2021.09.09,1.18319,1.1839899999999999,1.18222,1.18239,8698
2021.09.09,1.1824,1.1835,1.18054,1.18317,26705
2021.09.09,1.1834,1.18416,1.18084,1.18238,22955
2021.09.09,1.18144,1.18364,1.18117,1.1834200000000001,13680
2021.09.09,1.18146,1.18255,1.18115,1.18145,3930
2021.09.09,1.18125,1.18203,1.18125,1.18145,1709
2021.09.08,1.1818899999999999,1.18303,1.18154,1.18159,8310
2021.09.08,1.18213,1.18293,1.18023,1.1819,27507
2021.09.08,1.18218,1.18299,1.1812200000000002,1.18215,16492
2021.09.08,1.18438,1.18451,1.18163,1.18219,17985
2021.09.08,1.1848100000000001,1.18513,1.18408,1.18438,3005
2021.09.08,1.1837799999999998,1.18484,1.18377,1.18482,1795
2021.09.07,1.18458,1.18536,1.18384,1.18424,7449
2021.09.07,1.18508,1.1860700000000002,1.1837600000000001,1.1845700000000001,21766
2021.09.07,1.18759,1.1880600000000001,1.18497,1.18509,19394
2021.09.07,1.1875799999999999,1.18828,1.1859899999999999,1.1876200000000001,14781
2021.09.07,1.1879600000000001,1.18855,1.1875200000000001,1.18756,3957
2021.09.07,1.18695,1.1882,1.1866,1.18797,1864
2021.09.06,1.18715,1.18719,1.18678,1.18698,1130
2021.09.06,1.1866,1.18708,1.18574,1.18708,5863
2021.09.06,1.18638,1.1867,1.18557,1.18662,6337
2021.09.06,1.1869,1.1875,1.186,1.1864,6164
2021.09.06,1.18784,1.18798,1.18648,1.18692,2603
2021.09.06,1.18761,1.18861,1.18749,1.18785,1732
2021.09.03,1.189,1.18983,1.1875200000000001,1.18789,6052
2021.09.03,1.18918,1.19052,1.18718,1.18898,29366
2021.09.03,1.18747,1.1909399999999999,1.1866,1.18916,27056
2021.09.03,1.18767,1.18831,1.18716,1.18751,10440
2021.09.03,1.18824,1.18845,1.18764,1.18765,4447
2021.09.03,1.18756,1.1883,1.1870100000000001,1.18823,1933
2021.09.02,1.18651,1.18763,1.18646,1.18753,6043
2021.09.02,1.18474,1.1871399999999999,1.1846700000000001,1.1865299999999999,17589
2021.09.02,1.1846,1.18561,1.1836799999999998,1.18476,13974
2021.09.02,1.1834799999999999,1.18519,1.18346,1.18458,11286
2021.09.02,1.1845,1.1845700000000001,1.1834799999999999,1.1835,3145
2021.09.02,1.18383,1.18464,1.18369,1.18452,2088
2021.09.01,1.18485,1.18513,1.18379,1.18401,6879
2021.09.01,1.18384,1.18575,1.1833200000000001,1.18484,21731
2021.09.01,1.1814200000000001,1.184,1.18116,1.18382,18933
2021.09.01,1.17995,1.18164,1.17934,1.1813799999999999,12715
2021.09.01,1.18024,1.18064,1.17985,1.17993,3616
2021.09.01,1.18092,1.18117,1.1801,1.18026,1827
2021.08.31,1.18067,1.18129,1.1803,1.18086,6171
2021.08.31,1.18364,1.1837799999999998,1.1796200000000001,1.18068,23430
2021.08.31,1.18198,1.1845,1.18194,1.18366,14267
2021.08.31,1.18172,1.1831399999999999,1.1817,1.182,8580
2021.08.31,1.1802,1.18246,1.17977,1.1817,3892
2021.08.31,1.1797,1.1803,1.1794200000000001,1.18019,1737
2021.08.30,1.17972,1.1804,1.17956,1.17966,3113
2021.08.30,1.1786,1.18035,1.17826,1.17974,11191
2021.08.30,1.1798600000000001,1.18025,1.17836,1.17862,7631
2021.08.30,1.18036,1.18052,1.17934,1.17984,6609
2021.08.30,1.18046,1.18096,1.18022,1.18034,3292
2021.08.30,1.17919,1.18056,1.1788299999999998,1.18044,1902
2021.08.27,1.18006,1.18018,1.17903,1.17903,6766
2021.08.27,1.17566,1.1802700000000002,1.17353,1.18008,47314
2021.08.27,1.17511,1.17665,1.17501,1.17564,12362
2021.08.27,1.17636,1.17716,1.17507,1.17513,10989
2021.08.27,1.1745700000000001,1.1764,1.17435,1.17635,3430
2021.08.27,1.17519,1.17577,1.1742299999999999,1.17455,1965
2021.08.26,1.1753,1.17562,1.1749100000000001,1.1752200000000002,7344
2021.08.26,1.17561,1.17678,1.17462,1.1752799999999999,24372
2021.08.26,1.17595,1.17794,1.1752200000000002,1.17559,17073
2021.08.26,1.1764299999999999,1.17751,1.17567,1.17594,13542
2021.08.26,1.17666,1.17676,1.1761,1.17638,2506
2021.08.26,1.1772,1.17737,1.17651,1.17667,1360
2021.08.25,1.17602,1.1774200000000001,1.17531,1.1772200000000002,6134
2021.08.25,1.1732200000000002,1.17632,1.17298,1.176,15661
2021.08.25,1.1751,1.17554,1.1726,1.17324,10348
2021.08.25,1.17406,1.17594,1.17321,1.17509,9234
2021.08.25,1.17416,1.17422,1.1733,1.17404,2824
2021.08.25,1.1755,1.17583,1.174,1.17414,1814
2021.08.24,1.1747,1.1759,1.17426,1.1757,3618
2021.08.24,1.17507,1.1765,1.17349,1.17472,14786
2021.08.24,1.1728399999999999,1.1754799999999999,1.17276,1.1750399999999999,9808
2021.08.24,1.1741,1.17467,1.1727,1.1728299999999998,9786
2021.08.24,1.17392,1.17424,1.1734,1.1740899999999999,2018
2021.08.24,1.17448,1.1748399999999999,1.17384,1.1739,1174
2021.08.23,1.17392,1.17501,1.17381,1.17458,4420
2021.08.23,1.17318,1.1743299999999999,1.17236,1.17391,14266
2021.08.23,1.17306,1.1733799999999999,1.1715,1.1732,9994
2021.08.23,1.17185,1.1732,1.17062,1.17307,11073
2021.08.23,1.16992,1.17236,1.1698600000000001,1.1718600000000001,4202
2021.08.23,1.16929,1.17028,1.16907,1.1699,2118
2021.08.20,1.1703299999999999,1.17048,1.16924,1.1699,6479
2021.08.20,1.16685,1.17048,1.1664299999999999,1.17035,23078
2021.08.20,1.1674200000000001,1.1683700000000001,1.16652,1.16687,13834
2021.08.20,1.1686,1.16895,1.1671,1.16743,15292
2021.08.20,1.1682299999999999,1.16878,1.1676,1.16862,5006
2021.08.20,1.16764,1.16841,1.16754,1.16825,1953
2021.08.19,1.16887,1.16888,1.1672799999999999,1.16764,9189
2021.08.19,1.1698899999999999,1.17028,1.16791,1.16886,26224
2021.08.19,1.16872,1.17045,1.16804,1.1699,20916
2021.08.19,1.1677,1.16975,1.1669100000000001,1.1687100000000001,25672
2021.08.19,1.16879,1.16939,1.16657,1.16772,9873
2021.08.19,1.17082,1.17159,1.16842,1.16877,4975
2021.08.18,1.1699700000000002,1.17426,1.16982,1.1708399999999999,24510
2021.08.18,1.17182,1.17215,1.1693799999999999,1.16996,21883
2021.08.18,1.17206,1.17265,1.17062,1.1718,16135
2021.08.18,1.17185,1.173,1.17129,1.17205,12376
2021.08.18,1.1711799999999999,1.17229,1.17098,1.17182,4763
2021.08.18,1.1710200000000002,1.1713200000000001,1.17018,1.1712,2625
2021.08.17,1.1708399999999999,1.1719600000000001,1.17078,1.17082,7216
2021.08.17,1.17438,1.17445,1.17083,1.17085,18881
2021.08.17,1.17772,1.17774,1.1741,1.17436,15085
2021.08.17,1.1768399999999999,1.17846,1.176,1.1777,14264
2021.08.17,1.17736,1.17766,1.17666,1.1768299999999998,4712
2021.08.17,1.17773,1.17802,1.17703,1.1773799999999999,1843
2021.08.16,1.1775,1.17793,1.17743,1.1776200000000001,3914
2021.08.16,1.17772,1.17903,1.17721,1.17751,14392
2021.08.16,1.17869,1.17878,1.17672,1.1777,11653
2021.08.16,1.17934,1.17937,1.17784,1.1787,9481
2021.08.16,1.17954,1.18006,1.17896,1.17935,2787
2021.08.16,1.17939,1.1800899999999999,1.17915,1.17956,1897
2021.08.13,1.18005,1.18013,1.17926,1.17949,6917
2021.08.13,1.1766299999999998,1.18052,1.17642,1.18005,21383
2021.08.13,1.17428,1.17693,1.1740700000000002,1.17662,12815
2021.08.13,1.17392,1.1743299999999999,1.17306,1.1742700000000001,9091
2021.08.13,1.17363,1.17428,1.17347,1.17393,3244
2021.08.13,1.17298,1.1738899999999999,1.17289,1.17365,2487
2021.08.12,1.17383,1.17429,1.17292,1.17298,6973
2021.08.12,1.17401,1.17428,1.1724,1.17384,17775
2021.08.12,1.1747,1.17476,1.17276,1.17403,15446
2021.08.12,1.17403,1.17486,1.1733,1.17468,12974
2021.08.12,1.17405,1.17461,1.17347,1.17401,4486
2021.08.12,1.17387,1.17451,1.17367,1.17406,1757
2021.08.11,1.17488,1.17539,1.17379,1.17394,10138
2021.08.11,1.1737,1.17488,1.17261,1.17486,24308
2021.08.11,1.17129,1.17497,1.17087,1.17371,21874
2021.08.11,1.1718600000000001,1.17215,1.17062,1.17129,12955
2021.08.11,1.1713200000000001,1.1725700000000001,1.1712,1.17184,3785
2021.08.11,1.1717799999999998,1.17224,1.1713200000000001,1.17134,2053
2021.08.10,1.17162,1.1724,1.17146,1.1720700000000002,6566
2021.08.10,1.17163,1.1725,1.17097,1.17161,22726
2021.08.10,1.17318,1.1732,1.17163,1.17165,17625
2021.08.10,1.17385,1.17431,1.17264,1.17319,15166
2021.08.10,1.1738,1.17403,1.1732200000000002,1.1738600000000001,5271
2021.08.10,1.1736,1.1738899999999999,1.17326,1.17379,2408
2021.08.09,1.17424,1.17489,1.1735,1.1736,6240
2021.08.09,1.17612,1.17672,1.1740700000000002,1.17425,19168
2021.08.09,1.17551,1.17693,1.1752,1.17613,15487
2021.08.09,1.17634,1.17669,1.17503,1.1755,14171
2021.08.09,1.17511,1.1764,1.1751,1.17635,3972
2021.08.09,1.17602,1.17602,1.17425,1.17509,5296
2021.08.06,1.17563,1.1764700000000001,1.17563,1.17614,5709
2021.08.06,1.17844,1.17885,1.17546,1.17564,26489
2021.08.06,1.18113,1.1813,1.17766,1.17846,25492
2021.08.06,1.18258,1.1830200000000002,1.18076,1.18111,12941
2021.08.06,1.1825700000000001,1.1828100000000001,1.1818799999999998,1.1825700000000001,3232
2021.08.06,1.18318,1.18355,1.1825299999999999,1.18255,1365
2021.08.05,1.18392,1.18403,1.1831,1.18325,6324
2021.08.05,1.18361,1.18517,1.1832200000000002,1.1839,20687
2021.08.05,1.18374,1.1857600000000001,1.18282,1.1836,21442
2021.08.05,1.18364,1.185,1.183,1.18374,13083
2021.08.05,1.18323,1.18394,1.18319,1.18365,4219
2021.08.05,1.18363,1.18392,1.1831399999999999,1.18317,1594
2021.08.04,1.1837799999999998,1.18424,1.1835200000000001,1.18366,5354
2021.08.04,1.1889,1.1899600000000001,1.18325,1.18377,22008
2021.08.04,1.18505,1.18896,1.1848,1.18888,11555
2021.08.04,1.1871399999999999,1.1879600000000001,1.18418,1.18506,9015
2021.08.04,1.18618,1.18753,1.18616,1.1871200000000002,3570
2021.08.04,1.186,1.187,1.1856799999999998,1.1861700000000002,1836
2021.08.03,1.1868299999999998,1.18697,1.1861,1.18646,3883
2021.08.03,1.18859,1.1887299999999998,1.18533,1.1868100000000001,16674
2021.08.03,1.18834,1.1893200000000002,1.18787,1.18858,10268
2021.08.03,1.18802,1.18852,1.18708,1.18836,10606
2021.08.03,1.18718,1.18823,1.18679,1.188,5019
2021.08.03,1.18675,1.18784,1.1866299999999999,1.18716,1553
2021.08.02,1.18696,1.1874799999999999,1.1865,1.18718,5153
2021.08.02,1.18728,1.1889,1.1866299999999999,1.1869399999999999,17341
2021.08.02,1.1884700000000001,1.1896799999999998,1.1871200000000002,1.18727,10884
2021.08.02,1.18702,1.18884,1.1864,1.18846,9836
2021.08.02,1.1869,1.18733,1.1858799999999998,1.1870399999999999,3380
2021.08.02,1.1861899999999999,1.1871,1.18604,1.18688,1865
2021.07.30,1.18594,1.1876799999999998,1.1854,1.18668,9350
2021.07.30,1.1879600000000001,1.18868,1.18518,1.18593,28190
2021.07.30,1.19069,1.1909,1.18777,1.18795,20041
2021.07.30,1.1878600000000001,1.19077,1.1875200000000001,1.19069,12440
2021.07.30,1.1881899999999999,1.18848,1.18777,1.18787,5387
2021.07.30,1.18876,1.18946,1.18782,1.18818,3258
2021.07.29,1.18849,1.18931,1.18802,1.1887,7298
2021.07.29,1.1884299999999999,1.18913,1.18761,1.1885,20742
2021.07.29,1.18767,1.18854,1.18697,1.18845,17187
2021.07.29,1.18567,1.188,1.18505,1.18769,16718
2021.07.29,1.18439,1.18591,1.1841899999999999,1.18566,7572
2021.07.29,1.1843,1.18472,1.18387,1.1843700000000001,2321
2021.07.28,1.18147,1.1850100000000001,1.1772,1.18426,42079
2021.07.28,1.1798899999999999,1.1816200000000001,1.17836,1.18146,24174
2021.07.28,1.1829399999999999,1.18295,1.17919,1.17991,20424
2021.07.28,1.182,1.18305,1.18024,1.18292,13848
2021.07.28,1.18145,1.18278,1.18144,1.182,5658
2021.07.28,1.18169,1.18242,1.18127,1.18143,2648
2021.07.27,1.18364,1.18414,1.18153,1.18163,10331
2021.07.27,1.1819,1.18373,1.1800899999999999,1.18366,30209
2021.07.27,1.17779,1.18198,1.17747,1.1818899999999999,18203
2021.07.27,1.18023,1.1802700000000002,1.17703,1.1777799999999998,20356
2021.07.27,1.18085,1.1809100000000001,1.18012,1.18026,5297
2021.07.27,1.18035,1.18125,1.17994,1.18087,2218
2021.07.26,1.18124,1.18137,1.17995,1.18029,6772
2021.07.26,1.1783299999999999,1.18177,1.17801,1.18126,23212
2021.07.26,1.17842,1.17997,1.17794,1.17834,18336
2021.07.26,1.1779,1.18006,1.17674,1.17842,20137
2021.07.26,1.17666,1.17805,1.17655,1.1778899999999999,4834
2021.07.26,1.1769399999999999,1.17747,1.1763700000000001,1.17665,2287
2021.07.23,1.17687,1.17763,1.17685,1.17717,5338
2021.07.23,1.178,1.17806,1.17551,1.17685,17920
2021.07.23,1.17746,1.17813,1.17546,1.1779899999999999,17465
2021.07.23,1.17682,1.17868,1.17631,1.17749,17141
2021.07.23,1.17783,1.1780700000000002,1.17675,1.1768100000000001,3367
2021.07.23,1.17697,1.17802,1.1759899999999999,1.17782,2016
2021.07.22,1.17631,1.17765,1.1757799999999998,1.1771,8205
2021.07.22,1.1799899999999999,1.18309,1.1757600000000001,1.1763,34514
2021.07.22,1.1796799999999998,1.1813799999999999,1.1771,1.18001,33095
2021.07.22,1.17972,1.18023,1.17794,1.17969,16575
2021.07.22,1.17887,1.18004,1.17869,1.17973,3444
2021.07.22,1.17919,1.1798899999999999,1.17859,1.17885,1910
2021.07.21,1.1793799999999999,1.18051,1.17919,1.1795,9395
2021.07.21,1.17659,1.18041,1.17625,1.17936,25322
2021.07.21,1.17798,1.1780700000000002,1.176,1.1766299999999998,17754
2021.07.21,1.17726,1.1782700000000002,1.17521,1.1779899999999999,19592
2021.07.21,1.17802,1.1780700000000002,1.17703,1.17727,4466
2021.07.21,1.17811,1.17835,1.17757,1.17801,1921
2021.07.20,1.17782,1.17864,1.1774200000000001,1.17811,10091
2021.07.20,1.17729,1.1780899999999999,1.17559,1.1778,30937
2021.07.20,1.1788100000000001,1.18028,1.17652,1.1772799999999999,26260
2021.07.20,1.17887,1.1795200000000001,1.17724,1.17882,21181
2021.07.20,1.1795200000000001,1.18024,1.1788299999999998,1.17888,7110
2021.07.20,1.17956,1.1799899999999999,1.17903,1.1795,2454
2021.07.19,1.17994,1.18028,1.17913,1.17987,12994
2021.07.19,1.1787299999999998,1.18248,1.17841,1.17993,38165
2021.07.19,1.17734,1.17889,1.1764,1.1787100000000001,23760
2021.07.19,1.18062,1.18088,1.17656,1.17735,17875
2021.07.19,1.18024,1.18088,1.17981,1.18064,3917
2021.07.19,1.18059,1.18136,1.1801,1.18018,2486
2021.07.16,1.18116,1.18191,1.18032,1.1805,9850
2021.07.16,1.18021,1.18146,1.17961,1.18115,22890
2021.07.16,1.18183,1.1822700000000002,1.17924,1.18021,17941
2021.07.16,1.18099,1.18198,1.17973,1.18184,14651
2021.07.16,1.18118,1.1812799999999999,1.18022,1.18098,5409
2021.07.16,1.18106,1.18172,1.18049,1.18117,2943
2021.07.15,1.1803,1.18133,1.17964,1.18106,10141
2021.07.15,1.18068,1.18238,1.18008,1.18032,22406
2021.07.15,1.18489,1.1850100000000001,1.18038,1.18069,23826
2021.07.15,1.1831200000000002,1.18509,1.18259,1.1849100000000001,16682
2021.07.15,1.1834,1.1835,1.18215,1.18311,7515
2021.07.15,1.18373,1.1838799999999998,1.18289,1.18337,3032
2021.07.14,1.18326,1.18391,1.1825700000000001,1.18364,8483
2021.07.14,1.18224,1.18356,1.1813200000000001,1.1832799999999999,29347
2021.07.14,1.1783700000000001,1.1828299999999998,1.1776200000000001,1.18221,22014
2021.07.14,1.17838,1.17997,1.17803,1.1784,16267
2021.07.14,1.17767,1.17856,1.1776,1.1784,6326
2021.07.14,1.17766,1.1781,1.17717,1.17767,2937
2021.07.13,1.18046,1.1804700000000001,1.17723,1.17766,15734
2021.07.13,1.17998,1.1833200000000001,1.1792,1.1804700000000001,30448
2021.07.13,1.18499,1.1851200000000002,1.1794200000000001,1.1799600000000001,24158
2021.07.13,1.1864,1.18658,1.18414,1.1850100000000001,15424
2021.07.13,1.18672,1.18753,1.18623,1.18639,5273
2021.07.13,1.18594,1.1868299999999998,1.1857799999999998,1.18664,1876
2021.07.12,1.1857,1.1862,1.1855,1.1859600000000001,4855
2021.07.12,1.1853200000000002,1.1874200000000001,1.18506,1.18572,14779
2021.07.12,1.18707,1.1873200000000002,1.1835799999999999,1.1853,13573
2021.07.12,1.1868,1.18797,1.1855799999999999,1.18706,11216
2021.07.12,1.18754,1.188,1.18652,1.18682,4384
2021.07.12,1.18719,1.18765,1.1861899999999999,1.1875200000000001,2876
2021.07.09,1.18684,1.18814,1.18676,1.18735,5701
2021.07.09,1.18688,1.1875200000000001,1.18557,1.18685,20546
2021.07.09,1.18325,1.1869,1.1829100000000001,1.18689,22699
2021.07.09,1.1832200000000002,1.18469,1.18252,1.18326,22083
2021.07.09,1.1840700000000002,1.18439,1.18318,1.18321,9083
2021.07.09,1.18411,1.18502,1.1838600000000001,1.1840899999999999,3900
2021.07.08,1.1845,1.18488,1.18355,1.18461,10347
2021.07.08,1.18516,1.18682,1.1837,1.18448,37388
2021.07.08,1.18226,1.1859600000000001,1.1821700000000002,1.18517,35096
2021.07.08,1.1796200000000001,1.18255,1.17925,1.18225,32269
2021.07.08,1.1791399999999999,1.17965,1.1783700000000001,1.17963,6817
2021.07.08,1.1790399999999999,1.17992,1.1787100000000001,1.17913,2636
2021.07.07,1.1800700000000002,1.18204,1.17895,1.17913,18234
2021.07.07,1.18159,1.18187,1.17818,1.18005,30399
2021.07.07,1.18241,1.18365,1.1812799999999999,1.1816,20254
2021.07.07,1.18241,1.18347,1.18121,1.18244,19513
2021.07.07,1.18211,1.18272,1.1817799999999998,1.18239,6603
2021.07.07,1.18241,1.18252,1.18146,1.18212,3366
2021.07.06,1.1815,1.1828299999999998,1.18136,1.18232,9126
2021.07.06,1.18363,1.18431,1.18071,1.18149,41797
2021.07.06,1.18456,1.1851399999999999,1.18313,1.18364,22846
2021.07.06,1.18745,1.18956,1.18428,1.18454,22458
2021.07.06,1.1861,1.1876200000000001,1.18585,1.18746,7294
2021.07.06,1.1860700000000002,1.1869399999999999,1.18587,1.18608,3058
2021.07.05,1.18678,1.1870100000000001,1.18598,1.1861,2225
2021.07.05,1.18638,1.18697,1.18556,1.1868,11502
2021.07.05,1.1870399999999999,1.1881,1.18603,1.1863700000000001,14476
2021.07.05,1.18569,1.18737,1.18521,1.18706,17150
2021.07.05,1.18574,1.18631,1.18517,1.18572,5222
2021.07.05,1.18624,1.18675,1.1853799999999999,1.1857600000000001,2560
2021.07.02,1.18436,1.18745,1.18415,1.18652,8972
2021.07.02,1.18476,1.18597,1.18261,1.18439,39215
2021.07.02,1.1828100000000001,1.18573,1.18074,1.18478,26648
2021.07.02,1.18448,1.1848,1.18224,1.1828,15472
2021.07.02,1.18431,1.18469,1.1840700000000002,1.18448,5491
2021.07.02,1.18499,1.18521,1.18412,1.18432,2197
2021.07.01,1.18492,1.1855,1.18412,1.18498,7942
2021.07.01,1.18787,1.18825,1.18474,1.1849299999999998,29595
2021.07.01,1.1845,1.18846,1.1840700000000002,1.1878600000000001,23047
2021.07.01,1.18495,1.18604,1.18377,1.18448,21821
2021.07.01,1.18488,1.18545,1.18464,1.1849399999999999,5256
2021.07.01,1.18556,1.1860600000000001,1.18468,1.18489,2830
2021.06.30,1.18489,1.1861700000000002,1.1846299999999998,1.18564,11370
2021.06.30,1.18828,1.18828,1.18455,1.18488,32906
2021.06.30,1.18866,1.18984,1.18764,1.1882700000000002,23146
2021.06.30,1.18997,1.1908299999999998,1.18852,1.18864,18750
2021.06.30,1.19002,1.19092,1.18969,1.1899899999999999,6229
2021.06.30,1.1896799999999998,1.19069,1.1894799999999999,1.19005,3857
2021.06.29,1.18963,1.19059,1.1893200000000002,1.1897,6954
2021.06.29,1.1882700000000002,1.19119,1.18779,1.18964,27180
2021.06.29,1.19018,1.19136,1.188,1.18829,21294
2021.06.29,1.19108,1.19234,1.18995,1.19016,16352
2021.06.29,1.19195,1.19248,1.19077,1.19106,6127
2021.06.29,1.19221,1.19302,1.19179,1.19193,2399
2021.06.28,1.19229,1.19294,1.19202,1.19245,7473
2021.06.28,1.19216,1.19401,1.19115,1.1923,27319
2021.06.28,1.19418,1.19442,1.19026,1.19218,20869
2021.06.28,1.1923,1.1945,1.19222,1.19416,17719
2021.06.28,1.19367,1.1938600000000001,1.19204,1.19228,5927
2021.06.28,1.1931399999999999,1.19424,1.1931399999999999,1.19369,3042
2021.06.25,1.19377,1.19428,1.1926700000000001,1.19357,8227
2021.06.25,1.19582,1.19756,1.19328,1.19375,27027
2021.06.25,1.19435,1.19659,1.1938,1.19581,21547
2021.06.25,1.19375,1.1951,1.1935200000000001,1.19435,16973
2021.06.25,1.1931399999999999,1.19454,1.1931100000000001,1.19373,5613
2021.06.25,1.19306,1.19329,1.1927,1.19313,2707
2021.06.24,1.19274,1.19357,1.1926700000000001,1.1931399999999999,11464
2021.06.24,1.1954799999999999,1.19564,1.19202,1.19271,24151
2021.06.24,1.19254,1.19567,1.19252,1.19547,23633
2021.06.24,1.1924299999999999,1.19433,1.19177,1.19255,18784
2021.06.24,1.19308,1.1932200000000002,1.19192,1.19238,5302
2021.06.24,1.19264,1.1933200000000002,1.19254,1.19307,2599
2021.06.23,1.19356,1.19382,1.19192,1.19264,7676
2021.06.23,1.19534,1.197,1.19341,1.19354,19947
2021.06.23,1.19328,1.1955,1.19323,1.19536,15771
2021.06.23,1.19192,1.19454,1.1911399999999999,1.19326,15661
2021.06.23,1.19321,1.19344,1.19189,1.1919,4947
2021.06.23,1.19367,1.19435,1.19296,1.19318,2691
2021.06.22,1.19344,1.19526,1.19315,1.19407,10723
2021.06.22,1.18927,1.19402,1.18898,1.1934200000000001,21862
2021.06.22,1.1896200000000001,1.19024,1.18808,1.18928,14255
2021.06.22,1.19026,1.1911200000000002,1.18915,1.18964,15264
2021.06.22,1.19078,1.1915,1.1900600000000001,1.19024,6068
2021.06.22,1.19174,1.192,1.19046,1.1908,2727
2021.06.21,1.19191,1.1920899999999999,1.19076,1.19175,9067
2021.06.21,1.1892399999999999,1.19212,1.1889299999999998,1.19189,23038
2021.06.21,1.18928,1.18995,1.18846,1.1892200000000002,17705
2021.06.21,1.18656,1.1893799999999999,1.1851200000000002,1.1893,20304
2021.06.21,1.1872200000000002,1.1873799999999999,1.18474,1.18658,11919
2021.06.21,1.1854200000000001,1.18764,1.18461,1.18723,4031
2021.06.18,1.18749,1.18823,1.1857,1.18621,16741
2021.06.18,1.1888,1.1888100000000001,1.18476,1.1874799999999999,49037
2021.06.18,1.19131,1.1922700000000002,1.18676,1.1888,34184
2021.06.18,1.1913799999999999,1.1924700000000001,1.18855,1.1913200000000002,31564
2021.06.18,1.19078,1.1925299999999999,1.19061,1.19137,7406
2021.06.18,1.1906700000000001,1.19156,1.19048,1.19077,4076
2021.06.17,1.18963,1.19228,1.1896200000000001,1.19071,16779
2021.06.17,1.19315,1.19515,1.18916,1.18965,39344
2021.06.17,1.19474,1.19573,1.19264,1.19316,33257
2021.06.17,1.2001,1.20066,1.19363,1.19476,33573
2021.06.17,1.19887,1.2005,1.1988,1.20011,8493
2021.06.17,1.19946,1.19987,1.1984299999999999,1.19885,6917
2021.06.16,1.2117799999999999,1.2117799999999999,1.19945,1.1995,52339
2021.06.16,1.2119,1.2127299999999999,1.2110100000000001,1.21179,18076
2021.06.16,1.21291,1.21296,1.21145,1.21189,17067
2021.06.16,1.21282,1.21346,1.2118,1.21284,11863
2021.06.16,1.2122700000000002,1.2128700000000001,1.21166,1.2128299999999999,4044
2021.06.16,1.2126299999999999,1.2128299999999999,1.21222,1.2122600000000001,1558
2021.06.15,1.2124,1.21296,1.2121600000000001,1.21258,4707
2021.06.15,1.2111299999999998,1.21308,1.21086,1.21238,14869
2021.06.15,1.21302,1.21304,1.2101,1.2111399999999999,13391
2021.06.15,1.21256,1.21472,1.2123899999999999,1.21307,10363
2021.06.15,1.212,1.21258,1.21146,1.2125700000000001,4075
2021.06.15,1.21184,1.21234,1.21139,1.2119799999999998,1845
2021.06.14,1.21222,1.21228,1.21164,1.212,4261
2021.06.14,1.21195,1.21304,1.2116799999999999,1.2122,12600
2021.06.14,1.21088,1.21246,1.21082,1.21194,10469
2021.06.14,1.2104,1.2120600000000001,1.20941,1.21086,11855
2021.06.14,1.21,1.21048,1.20944,1.21041,3522
2021.06.14,1.21086,1.21118,1.20985,1.21001,2776
2021.06.11,1.2096799999999999,1.2111,1.20928,1.21088,6407
2021.06.11,1.21292,1.21306,1.2093200000000002,1.20967,22851
2021.06.11,1.21661,1.21674,1.2122700000000002,1.21291,19448
2021.06.11,1.21874,1.21933,1.21641,1.2166,15041
2021.06.11,1.21786,1.21918,1.2176,1.2187299999999999,4723
2021.06.11,1.21666,1.21791,1.2165,1.21784,2042
2021.06.10,1.21769,1.2179,1.2170100000000001,1.2176200000000001,7950
2021.06.10,1.21864,1.21936,1.21435,1.2177,39645
2021.06.10,1.2167,1.21951,1.21498,1.21864,33738
2021.06.10,1.21642,1.21743,1.21535,1.21669,15929
2021.06.10,1.2173,1.2176,1.21631,1.21644,6239
2021.06.10,1.21784,1.21811,1.21722,1.21733,1864
2021.06.09,1.21761,1.21841,1.21746,1.21797,6286
2021.06.09,1.2195,1.22183,1.21743,1.2176200000000001,19876
2021.06.09,1.2188700000000001,1.2198,1.21841,1.21949,12490
2021.06.09,1.21796,1.2193100000000001,1.2175799999999999,1.21885,12606
2021.06.09,1.21754,1.21858,1.21741,1.2179799999999998,3823
2021.06.09,1.2173100000000001,1.21783,1.2171299999999998,1.2175200000000002,2043
2021.06.08,1.21783,1.21823,1.21715,1.21733,6205
2021.06.08,1.2175799999999999,1.21933,1.2171,1.21784,23023
2021.06.08,1.21761,1.2188700000000001,1.21684,1.2176,21934
2021.06.08,1.21795,1.21856,1.21645,1.2176200000000001,15457
2021.06.08,1.2185700000000002,1.21912,1.21776,1.21797,7630
2021.06.08,1.21899,1.2194200000000002,1.21827,1.21859,2306
2021.06.07,1.2195200000000002,1.21994,1.21896,1.21896,4563
2021.06.07,1.21635,1.22021,1.21617,1.21951,18891
2021.06.07,1.21623,1.21764,1.21508,1.2163700000000002,15800
2021.06.07,1.21681,1.21684,1.21451,1.21621,15155
2021.06.07,1.21678,1.2171,1.21602,1.21682,7010
2021.06.07,1.2166700000000001,1.21729,1.2157200000000001,1.21675,3023
2021.06.04,1.21617,1.21705,1.21605,1.2166700000000001,6526
2021.06.04,1.21678,1.21858,1.21607,1.21615,29744
2021.06.04,1.2112100000000001,1.21748,1.21043,1.2168,29513
2021.06.04,1.21141,1.21183,1.21044,1.21122,15212
2021.06.04,1.2127700000000001,1.21307,1.2112399999999999,1.2114,7631
2021.06.04,1.21268,1.21323,1.21147,1.21278,4914
2021.06.03,1.2120799999999998,1.21341,1.2119,1.2127299999999999,8729
2021.06.03,1.21589,1.2162600000000001,1.21184,1.2120600000000001,33833
2021.06.03,1.21878,1.22088,1.21566,1.2158799999999998,31500
2021.06.03,1.22015,1.22042,1.2179,1.2188,15669
2021.06.03,1.22128,1.22136,1.22012,1.2201600000000001,4434
2021.06.03,1.22106,1.2214399999999999,1.2208299999999999,1.22126,1496
2021.06.02,1.2212399999999999,1.2215799999999999,1.2206,1.22106,7872
2021.06.02,1.21862,1.22187,1.2184700000000002,1.22123,20194
2021.06.02,1.21817,1.21922,1.21643,1.21861,23619
2021.06.02,1.2217200000000001,1.222,1.21796,1.2181600000000001,23178
2021.06.02,1.22204,1.22268,1.2217,1.22174,6233
2021.06.02,1.2213200000000002,1.2226299999999999,1.2212100000000001,1.22205,3233
2021.06.01,1.2233100000000001,1.22345,1.22119,1.2214,8384
2021.06.01,1.22248,1.22547,1.2216200000000002,1.22329,26159
2021.06.01,1.22301,1.22389,1.2217200000000001,1.2225,17902
2021.06.01,1.22228,1.22417,1.22136,1.22299,19536
2021.06.01,1.223,1.22367,1.22225,1.22227,6703
2021.06.01,1.22238,1.22349,1.2223700000000002,1.22298,3033
2021.05.31,1.2228700000000001,1.2229700000000001,1.22211,1.22238,1188
2021.05.31,1.21991,1.22317,1.2194399999999999,1.22285,13016
2021.05.31,1.22005,1.22023,1.21854,1.2199,12053
2021.05.31,1.2198200000000001,1.2204,1.21836,1.2200600000000001,13566
2021.05.31,1.21917,1.2204700000000002,1.21888,1.21983,6277
2021.05.31,1.21969,1.21969,1.2184700000000002,1.2192,3262
2021.05.28,1.2200799999999998,1.22053,1.2189299999999998,1.21919,8433
2021.05.28,1.21355,1.22046,1.21328,1.22009,31116
2021.05.28,1.21976,1.2198200000000001,1.21329,1.21353,26998
2021.05.28,1.2188,1.2200799999999998,1.21718,1.21977,18514
2021.05.28,1.21845,1.21905,1.21817,1.21878,7000
2021.05.28,1.21922,1.2196200000000001,1.21827,1.21844,3383
2021.05.27,1.21881,1.2204899999999999,1.21876,1.21941,9325
2021.05.27,1.21865,1.2212,1.21799,1.2188,27684
2021.05.27,1.2182899999999999,1.22112,1.21824,1.21864,25515
2021.05.27,1.21938,1.22154,1.21802,1.2182899999999999,22680
2021.05.27,1.21886,1.21959,1.21754,1.21939,9608
2021.05.27,1.21899,1.21973,1.218,1.21885,3821
2021.05.26,1.22001,1.22024,1.21821,1.2193100000000001,11192
2021.05.26,1.22203,1.22402,1.21959,1.22002,28540
2021.05.26,1.22413,1.22474,1.2217200000000001,1.22203,20729
2021.05.26,1.226,1.22632,1.22329,1.22411,17169
2021.05.26,1.22455,1.22614,1.22421,1.2259799999999998,9531
2021.05.26,1.2253100000000001,1.22558,1.2244899999999999,1.22454,3409
2021.05.25,1.224,1.22574,1.2238,1.2252100000000001,11015
2021.05.25,1.2254,1.22574,1.22265,1.22401,27309
2021.05.25,1.22594,1.22666,1.22464,1.22539,20879
2021.05.25,1.2229700000000001,1.22624,1.2220600000000001,1.22593,25835
2021.05.25,1.22222,1.22318,1.22214,1.22296,8242
2021.05.25,1.2216200000000002,1.22222,1.22118,1.2222,3353
2021.05.24,1.22153,1.22184,1.22059,1.22167,7531
2021.05.24,1.22104,1.22304,1.22038,1.22155,21370
2021.05.24,1.2197,1.22196,1.2193100000000001,1.22106,19407
2021.05.24,1.21799,1.2204700000000002,1.21751,1.2196799999999999,20245
2021.05.24,1.21807,1.21855,1.2175200000000002,1.2179799999999998,8342
2021.05.24,1.21727,1.21875,1.21725,1.21805,4102
2021.05.21,1.2164700000000002,1.21882,1.2162899999999999,1.21815,9468
2021.05.21,1.22064,1.22105,1.2161,1.21646,28844
2021.05.21,1.22243,1.2238200000000001,1.21786,1.22062,25420
2021.05.21,1.22333,1.22402,1.221,1.22241,19961
2021.05.21,1.22343,1.22397,1.22278,1.2233100000000001,7262
2021.05.21,1.22275,1.22381,1.22199,1.2234200000000002,3115
2021.05.20,1.22187,1.22295,1.2212399999999999,1.2228700000000001,10322
2021.05.20,1.22004,1.2226700000000001,1.21977,1.22185,24722
2021.05.20,1.21885,1.22084,1.21813,1.22002,19766
2021.05.20,1.21822,1.2205,1.21773,1.21884,17139
2021.05.20,1.21851,1.21855,1.21698,1.21824,8699
2021.05.20,1.21649,1.21853,1.21649,1.21853,3984
2021.05.19,1.22112,1.22151,1.21599,1.2176,32885
2021.05.19,1.22081,1.2239,1.2203899999999999,1.22112,35449
2021.05.19,1.22169,1.22209,1.21891,1.2208,22941
2021.05.19,1.22309,1.22452,1.22042,1.2216200000000002,14451
2021.05.19,1.22261,1.2235200000000002,1.22171,1.2231100000000001,5365
2021.05.19,1.2221600000000001,1.22326,1.22196,1.22262,2102
2021.05.18,1.22166,1.223,1.22146,1.22221,6243
2021.05.18,1.22212,1.2223600000000001,1.21967,1.22167,18453
2021.05.18,1.22183,1.22338,1.22062,1.2221,13952
2021.05.18,1.21645,1.22195,1.21635,1.22184,13738
2021.05.18,1.21564,1.2169,1.21554,1.21643,5056
2021.05.18,1.21499,1.2158799999999998,1.21471,1.2156200000000001,1712
2021.05.17,1.2156,1.21612,1.21455,1.21459,5743
2021.05.17,1.21396,1.21574,1.21377,1.2155799999999999,18608
2021.05.17,1.21476,1.21688,1.21344,1.2139799999999998,13955
2021.05.17,1.21295,1.21498,1.21259,1.21478,10946
2021.05.17,1.21336,1.21386,1.21288,1.21296,5543
2021.05.17,1.21454,1.21509,1.2132,1.21338,2795
2021.05.14,1.21371,1.21465,1.2134200000000002,1.2145299999999999,7704
2021.05.14,1.21298,1.2148,1.21244,1.2137200000000001,24740
2021.05.14,1.21255,1.21377,1.21032,1.21298,25019
2021.05.14,1.20861,1.21297,1.20845,1.21254,20199
2021.05.14,1.20754,1.20882,1.2073,1.20859,6741
2021.05.14,1.20787,1.20836,1.2071100000000001,1.20755,2255
2021.05.13,1.20801,1.20875,1.20623,1.20776,16638
2021.05.13,1.20817,1.21004,1.2064700000000002,1.208,30785
2021.05.13,1.2062700000000002,1.20943,1.20603,1.20818,29149
2021.05.13,1.20786,1.21065,1.20516,1.20626,28868
2021.05.13,1.20821,1.20891,1.2072100000000001,1.20785,9607
2021.05.13,1.20704,1.2084700000000002,1.20681,1.20822,3901
2021.05.12,1.20666,1.2082899999999999,1.20658,1.20695,16812
2021.05.12,1.21305,1.21525,1.20658,1.2066700000000001,49874
2021.05.12,1.21348,1.2147,1.2072100000000001,1.21302,32720
2021.05.12,1.21205,1.21441,1.21202,1.21347,17321
2021.05.12,1.2138200000000001,1.21384,1.21157,1.2120600000000001,9062
2021.05.12,1.21471,1.21504,1.21374,1.21383,3091
2021.05.11,1.21641,1.2165,1.21452,1.21484,11560
2021.05.11,1.21684,1.2182,1.21482,1.21641,31104
2021.05.11,1.21627,1.21718,1.2154,1.21685,21267
2021.05.11,1.21418,1.2164700000000002,1.21233,1.2162600000000001,19942
2021.05.11,1.21279,1.21494,1.21261,1.21414,7750
2021.05.11,1.21289,1.2142600000000001,1.21256,1.2127700000000001,3374
2021.05.10,1.21589,1.21593,1.21276,1.21286,8704
2021.05.10,1.21709,1.21781,1.2152399999999999,1.2158799999999998,18255
2021.05.10,1.21706,1.2174200000000002,1.21565,1.2171,13951
2021.05.10,1.21512,1.2175200000000002,1.21366,1.21708,13854
2021.05.10,1.21614,1.2163,1.21508,1.2151399999999999,4407
2021.05.10,1.21599,1.2176799999999999,1.2156,1.21613,3902
2021.05.07,1.21515,1.21718,1.215,1.21627,10302
2021.05.07,1.21298,1.21655,1.21025,1.2151399999999999,33323
2021.05.07,1.20878,1.2146700000000001,1.20584,1.21292,29777
2021.05.07,1.20644,1.2091100000000001,1.2053200000000002,1.20879,15173
2021.05.07,1.2063700000000002,1.20695,1.20597,1.20643,5755
2021.05.07,1.20585,1.207,1.20585,1.20639,2333
2021.05.06,1.205,1.20652,1.20484,1.20651,6628
2021.05.06,1.20573,1.20719,1.20445,1.20502,19722
2021.05.06,1.204,1.2060899999999999,1.20366,1.20574,18224
2021.05.06,1.20026,1.20451,1.20021,1.20397,13242
2021.05.06,1.20004,1.2012,1.19933,1.20026,7596
2021.05.06,1.20033,1.20102,1.20003,1.20005,2193
2021.05.05,1.1994200000000002,1.20064,1.19915,1.2004700000000001,5695
2021.05.05,1.1997200000000001,1.2012399999999999,1.19923,1.19943,19427
2021.05.05,1.1996799999999999,1.20203,1.19918,1.19973,17149
2021.05.05,1.2022700000000002,1.2022700000000002,1.19862,1.1997,15641
2021.05.05,1.202,1.20268,1.20183,1.2022700000000002,3771
2021.05.05,1.2012200000000002,1.20211,1.2008,1.20199,2283
2021.05.04,1.20176,1.20238,1.20096,1.20133,10568
2021.05.04,1.20262,1.2036,1.20018,1.20177,29571
2021.05.04,1.20035,1.20309,1.19993,1.20261,18467
2021.05.04,1.20411,1.20411,1.20025,1.2003700000000002,14339
2021.05.04,1.20561,1.20566,1.20373,1.2040899999999999,4359
2021.05.04,1.20638,1.20638,1.20533,1.2056,2330
2021.05.03,1.2053200000000002,1.20675,1.20519,1.20633,6826
2021.05.03,1.20434,1.20766,1.20428,1.2053399999999999,18239
2021.05.03,1.20475,1.2058,1.20421,1.20434,13707
2021.05.03,1.2021600000000001,1.20498,1.20134,1.20478,13396
2021.05.03,1.20343,1.20357,1.20173,1.20214,3989
2021.05.03,1.20315,1.20341,1.20203,1.20341,2816
2021.04.30,1.20271,1.20308,1.20171,1.20186,9744
2021.04.30,1.20842,1.20923,1.2024299999999999,1.2027,31107
2021.04.30,1.20956,1.20986,1.20777,1.20841,15578
2021.04.30,1.2117200000000001,1.21203,1.20947,1.20954,11913
2021.04.30,1.21224,1.21269,1.21154,1.21174,5577
2021.04.30,1.21201,1.21265,1.21149,1.21223,3484
2021.04.29,1.2118,1.21297,1.2113,1.21201,6853
2021.04.29,1.2122700000000002,1.2127,1.2102700000000002,1.21181,25297
2021.04.29,1.2116,1.2136,1.21143,1.21228,18346
2021.04.29,1.2132100000000001,1.2137,1.21115,1.21159,14507
2021.04.29,1.21425,1.2150299999999998,1.21242,1.21322,6412
2021.04.29,1.2122700000000002,1.21423,1.21205,1.21421,3220
2021.04.28,1.20906,1.2135,1.20658,1.21241,27787
2021.04.28,1.2068299999999998,1.2103,1.2057,1.20905,21625
2021.04.28,1.2075,1.20774,1.2062,1.20682,16010
2021.04.28,1.2073200000000002,1.20801,1.20564,1.20751,13940
2021.04.28,1.20786,1.20852,1.20727,1.20731,6180
2021.04.28,1.20892,1.20929,1.20785,1.20789,2672
2021.04.27,1.20713,1.20931,1.20709,1.20916,8295
2021.04.27,1.20821,1.20907,1.20695,1.20712,18644
2021.04.27,1.20586,1.20929,1.2057200000000001,1.20821,16024
2021.04.27,1.20731,1.2080600000000001,1.20577,1.2058799999999998,12525
2021.04.27,1.2079600000000001,1.20814,1.20654,1.2073,5954
2021.04.27,1.20845,1.2089,1.2075,1.20794,2970
2021.04.26,1.20892,1.2094,1.20835,1.20858,6623
2021.04.26,1.2081,1.2090100000000001,1.20615,1.20894,18496
2021.04.26,1.21,1.21099,1.2077,1.2081,15904
2021.04.26,1.21086,1.2115799999999999,1.2089,1.21001,17014
2021.04.26,1.21035,1.21173,1.21035,1.21084,7993
2021.04.26,1.2091,1.2105700000000001,1.20889,1.21034,3938
2021.04.23,1.20769,1.21004,1.20745,1.2096,7117
2021.04.23,1.20719,1.20777,1.20465,1.20771,23625
2021.04.23,1.20592,1.2076,1.20494,1.20718,14673
2021.04.23,1.2027,1.20613,1.2022899999999999,1.20591,15847
2021.04.23,1.2020600000000001,1.20279,1.20183,1.20269,6067
2021.04.23,1.2014,1.2021,1.2013,1.20208,3032
2021.04.22,1.2009100000000001,1.20179,1.1994,1.20139,14795
2021.04.22,1.20649,1.207,1.20028,1.2009,30365
2021.04.22,1.20262,1.2066700000000001,1.20224,1.20648,19397
2021.04.22,1.20338,1.205,1.20244,1.20264,13227
2021.04.22,1.20369,1.20472,1.20326,1.2034,7550
2021.04.22,1.20296,1.20402,1.20296,1.2037,2041
2021.04.21,1.2028,1.20363,1.20268,1.20347,5532
2021.04.21,1.20145,1.20395,1.19994,1.20279,21302
2021.04.21,1.20065,1.20165,1.19987,1.20144,14297
2021.04.21,1.2027700000000001,1.20356,1.2003700000000002,1.20064,14676
2021.04.21,1.20349,1.20424,1.2024700000000001,1.20278,6151
2021.04.21,1.20318,1.2044,1.20308,1.20349,3017
2021.04.20,1.20306,1.20373,1.20228,1.20355,7190
2021.04.20,1.20349,1.2057,1.20258,1.20306,22446
2021.04.20,1.20689,1.20713,1.20266,1.20351,17311
2021.04.20,1.20631,1.20802,1.20488,1.20689,20903
2021.04.20,1.2039600000000001,1.2072100000000001,1.20377,1.20634,9122
2021.04.20,1.20375,1.20458,1.20313,1.2039600000000001,2488
2021.04.19,1.20386,1.20413,1.20335,1.20367,5823
2021.04.19,1.2040799999999998,1.20411,1.20154,1.20385,18943
2021.04.19,1.20254,1.20482,1.20222,1.20407,19086
2021.04.19,1.1959,1.2033,1.19583,1.20254,22157
2021.04.19,1.1961700000000002,1.19644,1.1942700000000002,1.19589,7127
2021.04.19,1.19721,1.19771,1.1960899999999999,1.1961600000000001,4002
2021.04.16,1.1981,1.1984,1.19726,1.1981899999999999,3937
2021.04.16,1.19842,1.19941,1.19753,1.1981,12900
2021.04.16,1.19784,1.1995200000000001,1.19695,1.19841,16901
2021.04.16,1.19635,1.19892,1.19587,1.19783,16098
2021.04.16,1.19574,1.19644,1.19508,1.1963700000000002,7057
2021.04.16,1.19664,1.19749,1.19563,1.19574,2562
2021.04.15,1.1971100000000001,1.19777,1.19574,1.19664,8953
2021.04.15,1.1958600000000001,1.1984299999999999,1.19564,1.19713,21044
2021.04.15,1.19812,1.19937,1.19574,1.19587,17057
2021.04.15,1.19705,1.19907,1.19705,1.19813,12298
2021.04.15,1.1986299999999999,1.19902,1.197,1.19706,7032
2021.04.15,1.1976200000000001,1.1989100000000001,1.1976200000000001,1.19865,2666
2021.04.14,1.19855,1.1986,1.1970100000000001,1.1979,7738
2021.04.14,1.19642,1.19878,1.1953200000000002,1.19854,19938
2021.04.14,1.19668,1.19699,1.19513,1.1964,14215
2021.04.14,1.19628,1.19743,1.1955200000000001,1.19671,15951
2021.04.14,1.19547,1.19644,1.1953,1.1963,7173
2021.04.14,1.1946700000000001,1.19587,1.19466,1.19547,3196
2021.04.13,1.19384,1.1956200000000001,1.19382,1.19487,8911
2021.04.13,1.19246,1.19439,1.19234,1.19383,21071
2021.04.13,1.19013,1.1934799999999999,1.18775,1.1924700000000001,27624
2021.04.13,1.18878,1.1909100000000001,1.18831,1.19011,15321
2021.04.13,1.19042,1.19049,1.18862,1.18877,7176
2021.04.13,1.191,1.1916200000000001,1.19025,1.19044,3037
2021.04.12,1.19161,1.19177,1.18994,1.19115,5969
2021.04.12,1.19146,1.19194,1.19039,1.1916200000000001,15895
2021.04.12,1.1884,1.1918600000000001,1.1884,1.19145,15150
2021.04.12,1.1888299999999998,1.18946,1.18715,1.18842,13449
2021.04.12,1.1898,1.1899,1.18859,1.18884,7866
2021.04.12,1.18878,1.1904,1.1887,1.18979,3324
2021.04.09,1.19004,1.19109,1.18957,1.18957,5679
2021.04.09,1.18766,1.1903700000000002,1.18708,1.19005,17963
2021.04.09,1.1886,1.1900700000000002,1.18674,1.18764,17093
2021.04.09,1.1904299999999999,1.1904700000000001,1.18841,1.18861,16244
2021.04.09,1.1919600000000001,1.19204,1.1903299999999999,1.19044,5124
2021.04.09,1.19136,1.19204,1.19109,1.19195,2559
2021.04.08,1.1921700000000002,1.19235,1.19123,1.1915200000000001,6063
2021.04.08,1.18931,1.19277,1.18838,1.19218,22154
2021.04.08,1.18815,1.1895200000000001,1.1862,1.1893,16547
2021.04.08,1.18731,1.18934,1.18676,1.1881700000000002,13100
2021.04.08,1.18669,1.1874200000000001,1.1860899999999999,1.1873,5086
2021.04.08,1.18629,1.18743,1.18626,1.1866700000000001,2406
2021.04.07,1.18826,1.18872,1.18611,1.18719,8368
2021.04.07,1.18849,1.1915200000000001,1.18822,1.1882700000000002,21581
2021.04.07,1.18865,1.18987,1.18772,1.18851,18535
2021.04.07,1.1871200000000002,1.18878,1.1864299999999999,1.18865,17542
2021.04.07,1.18725,1.18782,1.18658,1.18711,6352
2021.04.07,1.18741,1.1876799999999998,1.18688,1.18726,2632
2021.04.06,1.1855799999999999,1.18781,1.18525,1.1876200000000001,7376
2021.04.06,1.18293,1.18564,1.18265,1.18559,15721
2021.04.06,1.18144,1.1833799999999999,1.1802700000000002,1.1829100000000001,17856
2021.04.06,1.1806,1.18213,1.17953,1.18141,15413
2021.04.06,1.1814200000000001,1.18174,1.1799899999999999,1.18058,6691
2021.04.06,1.18116,1.1822,1.18093,1.1814200000000001,1803
2021.04.05,1.18163,1.1819899999999999,1.1808100000000001,1.18116,4339
2021.04.05,1.17794,1.1817,1.17784,1.18164,13710
2021.04.05,1.17475,1.17813,1.1737799999999998,1.17792,8879
2021.04.05,1.17594,1.1761,1.1741,1.17476,6965
2021.04.05,1.17652,1.17723,1.17592,1.17593,3082
2021.04.05,1.17567,1.17682,1.17526,1.17652,3427
2021.04.02,1.176,1.17645,1.1754,1.17561,1175
2021.04.02,1.17689,1.17693,1.17495,1.1760700000000002,7176
2021.04.02,1.17824,1.17862,1.17559,1.1769100000000001,7029
2021.04.02,1.17783,1.17869,1.17698,1.17825,4985
2021.04.02,1.17717,1.1781700000000002,1.17695,1.17781,4305
2021.04.02,1.1775799999999998,1.17844,1.17705,1.17718,2091
2021.04.01,1.17734,1.1779,1.1767,1.17773,7236
2021.04.01,1.1745700000000001,1.17803,1.17392,1.17735,22727
2021.04.01,1.17279,1.1754200000000001,1.17246,1.17456,15395
2021.04.01,1.17157,1.1745,1.1712799999999999,1.1728,16300
2021.04.01,1.17296,1.17331,1.17147,1.17159,6528
2021.04.01,1.1729100000000001,1.17325,1.17212,1.1729399999999999,4047
2021.03.31,1.17501,1.17557,1.17198,1.17308,10221
2021.03.31,1.1726,1.17603,1.17215,1.17503,23648
2021.03.31,1.17464,1.17465,1.17214,1.17258,16044
2021.03.31,1.1708100000000001,1.1748399999999999,1.17051,1.17466,16485
2021.03.31,1.17228,1.1724299999999999,1.17044,1.17079,5803
2021.03.31,1.17167,1.17264,1.1714,1.17228,2918
2021.03.30,1.1718899999999999,1.17234,1.1714200000000001,1.17157,5623
2021.03.30,1.17314,1.17379,1.1711799999999999,1.17188,22998
2021.03.30,1.17467,1.17501,1.17276,1.17317,17714
2021.03.30,1.17642,1.17659,1.17333,1.17466,17511
2021.03.30,1.1770399999999999,1.17741,1.17603,1.17644,5090
2021.03.30,1.17638,1.1773,1.1763,1.17706,2501
2021.03.29,1.17739,1.17788,1.17632,1.17651,8777
2021.03.29,1.17858,1.17931,1.1761,1.1774,23298
2021.03.29,1.17669,1.17889,1.17649,1.17859,17452
2021.03.29,1.1779,1.17941,1.1763299999999999,1.17668,17392
2021.03.29,1.17806,1.17913,1.1775200000000001,1.17791,5261
2021.03.29,1.1792200000000002,1.17936,1.1778,1.17808,3048
2021.03.26,1.17993,1.18004,1.17846,1.17935,10782
2021.03.26,1.17765,1.18054,1.17764,1.17991,22670
2021.03.26,1.17876,1.1797600000000001,1.17721,1.17765,15885
2021.03.26,1.1777,1.17896,1.17756,1.17877,11155
2021.03.26,1.17824,1.17851,1.17749,1.17769,4753
2021.03.26,1.17636,1.17841,1.17635,1.1782299999999999,3703
2021.03.25,1.17632,1.17822,1.1762,1.17644,15767
2021.03.25,1.1797600000000001,1.18159,1.1763,1.17631,29987
2021.03.25,1.18054,1.18185,1.17915,1.17977,18887
2021.03.25,1.18208,1.18264,1.1801700000000002,1.1805299999999999,14688
2021.03.25,1.18177,1.1828100000000001,1.18045,1.1821,9040
2021.03.25,1.18126,1.18179,1.1809100000000001,1.18179,3131
2021.03.24,1.18241,1.18309,1.181,1.18125,10938
2021.03.24,1.18339,1.18394,1.18147,1.18239,22688
2021.03.24,1.18272,1.18452,1.18193,1.1834,19165
2021.03.24,1.18465,1.18477,1.18126,1.18271,19025
2021.03.24,1.18432,1.1851200000000002,1.184,1.1846700000000001,6936
2021.03.24,1.18465,1.18528,1.1836200000000001,1.1843,3828
2021.03.23,1.18639,1.18665,1.18425,1.1849,10943
2021.03.23,1.18896,1.18918,1.18585,1.18639,22177
2021.03.23,1.1899,1.19005,1.18776,1.18895,22322
2021.03.23,1.19234,1.1932200000000002,1.18862,1.18991,15287
2021.03.23,1.19337,1.19374,1.19231,1.19236,7044
2021.03.23,1.19313,1.1941,1.1926700000000001,1.1933799999999999,3283
2021.03.22,1.19395,1.1947299999999998,1.1932200000000002,1.19328,6931
2021.03.22,1.19233,1.1939899999999999,1.1911100000000001,1.19394,22535
2021.03.22,1.19026,1.19318,1.18936,1.19235,18796
2021.03.22,1.18937,1.19065,1.1874799999999999,1.19025,16718
2021.03.22,1.18851,1.18994,1.18753,1.18939,6336
2021.03.22,1.18699,1.18929,1.18635,1.18854,4498
2021.03.19,1.19077,1.19128,1.19022,1.19038,9236
2021.03.19,1.19,1.19123,1.1874200000000001,1.19079,37510
2021.03.19,1.19234,1.1923700000000002,1.18909,1.19001,18436
2021.03.19,1.19189,1.19374,1.1911200000000002,1.19233,15763
2021.03.19,1.19077,1.19202,1.19022,1.19191,9134
2021.03.19,1.19098,1.19207,1.19046,1.19077,4060
2021.03.18,1.1920899999999999,1.1932200000000002,1.19066,1.1916200000000001,17091
2021.03.18,1.1928299999999998,1.19392,1.19089,1.19208,31273
2021.03.18,1.19475,1.19508,1.19222,1.19285,25889
2021.03.18,1.19615,1.19892,1.19353,1.19476,22385
2021.03.18,1.19856,1.19868,1.19556,1.1961700000000002,10080
2021.03.18,1.19763,1.19879,1.19763,1.1985700000000001,5270
2021.03.17,1.1902,1.19858,1.1898,1.19793,36731
2021.03.17,1.19119,1.19155,1.18973,1.1901899999999999,20537
2021.03.17,1.1898600000000001,1.1917,1.18916,1.19121,16996
2021.03.17,1.19035,1.19085,1.18866,1.18984,9490
2021.03.17,1.19014,1.19045,1.18929,1.19038,5441
2021.03.17,1.1898799999999998,1.19064,1.1898600000000001,1.1901700000000002,3119
2021.03.16,1.18934,1.19105,1.1893,1.19028,12764
2021.03.16,1.19231,1.19278,1.18825,1.18935,30412
2021.03.16,1.1927,1.1952200000000002,1.1920600000000001,1.19233,20725
2021.03.16,1.1937799999999998,1.19391,1.19139,1.19272,12372
2021.03.16,1.19234,1.1939,1.19224,1.1938,6773
2021.03.16,1.19232,1.19321,1.19223,1.19231,2779
2021.03.15,1.19232,1.1934,1.1919600000000001,1.19302,7967
2021.03.15,1.19254,1.19376,1.19115,1.19234,23674
2021.03.15,1.1937,1.1940600000000001,1.19195,1.19252,17179
2021.03.15,1.19438,1.1944,1.19182,1.1937200000000001,17512
2021.03.15,1.19515,1.19676,1.19429,1.19436,9580
2021.03.15,1.19475,1.19565,1.19385,1.19516,4912
2021.03.12,1.19482,1.19618,1.19448,1.1949,9883
2021.03.12,1.19269,1.1957200000000001,1.19117,1.1948299999999998,33856
2021.03.12,1.19183,1.1940600000000001,1.19102,1.19268,24895
2021.03.12,1.19638,1.19638,1.1911399999999999,1.19181,26509
2021.03.12,1.1984700000000001,1.19849,1.1959899999999999,1.1963700000000002,9685
2021.03.12,1.19782,1.19888,1.19782,1.19845,4595
2021.03.11,1.1972399999999999,1.1990299999999998,1.19717,1.19855,15124
2021.03.11,1.19574,1.19793,1.1928299999999998,1.19725,33170
2021.03.11,1.19641,1.1974,1.19428,1.19575,30296
2021.03.11,1.19277,1.19692,1.19194,1.1964,21714
2021.03.11,1.19222,1.19351,1.19222,1.19275,8526
2021.03.11,1.19279,1.19292,1.1916,1.1922,5078
2021.03.10,1.19087,1.19302,1.19018,1.19286,17331
2021.03.10,1.1911200000000002,1.19254,1.18864,1.19086,34165
2021.03.10,1.19003,1.19133,1.18821,1.1911,27887
2021.03.10,1.18755,1.1901899999999999,1.18692,1.19002,18835
2021.03.10,1.18855,1.18858,1.18707,1.18753,9576
2021.03.10,1.1895200000000001,1.19024,1.1884299999999999,1.1885299999999999,6519
2021.03.09,1.18865,1.19052,1.18851,1.1901700000000002,12812
2021.03.09,1.1892200000000002,1.1909399999999999,1.18818,1.1886700000000001,33339
2021.03.09,1.1905700000000001,1.19161,1.18826,1.1892,26680
2021.03.09,1.18543,1.1909399999999999,1.18516,1.19059,27596
2021.03.09,1.18387,1.18674,1.18384,1.1854200000000001,15136
2021.03.09,1.18464,1.18529,1.18357,1.1838600000000001,9992
2021.03.08,1.1857,1.1865299999999999,1.18445,1.1846299999999998,13787
2021.03.08,1.18715,1.18876,1.18461,1.1856799999999998,39112
2021.03.08,1.18726,1.18811,1.18571,1.1871399999999999,27248
2021.03.08,1.19125,1.1915,1.18655,1.18725,27758
2021.03.08,1.19272,1.19287,1.1898799999999998,1.19126,13962
2021.03.08,1.19147,1.19326,1.19147,1.19275,9854
2021.03.05,1.1912200000000002,1.19233,1.19056,1.1911200000000002,18124
2021.03.05,1.19184,1.19466,1.19055,1.19123,62336
2021.03.05,1.19278,1.19436,1.18936,1.19183,36252
2021.03.05,1.1959799999999998,1.19613,1.19144,1.19281,30588
2021.03.05,1.1960899999999999,1.19651,1.1952,1.196,10323
2021.03.05,1.19662,1.19765,1.1953200000000002,1.1961,9482
2021.03.04,1.1994,1.20002,1.1961899999999999,1.19712,38483
2021.03.04,1.20361,1.20539,1.19905,1.1994200000000002,44760
2021.03.04,1.20326,1.20494,1.20279,1.2036200000000001,22944
2021.03.04,1.20566,1.2062899999999999,1.20268,1.20327,22312
2021.03.04,1.2062,1.20634,1.2044,1.20566,9556
2021.03.04,1.20625,1.2066700000000001,1.20438,1.20623,6956
2021.03.03,1.20705,1.20789,1.20617,1.20635,15215
2021.03.03,1.2055,1.2080899999999999,1.20431,1.20707,35519
2021.03.03,1.21014,1.21035,1.2043700000000002,1.20549,25779
2021.03.03,1.20844,1.21137,1.20746,1.21017,23642
2021.03.03,1.20918,1.2092200000000002,1.2082899999999999,1.20844,4586
2021.03.03,1.20904,1.20936,1.2081899999999999,1.20919,4920
2021.03.02,1.208,1.2094799999999999,1.20797,1.2091,9358
2021.03.02,1.2029100000000001,1.20852,1.20282,1.20801,27952
2021.03.02,1.20065,1.20379,1.20065,1.2029299999999998,23334
2021.03.02,1.20222,1.2027299999999999,1.19921,1.20066,25202
2021.03.02,1.20315,1.2036200000000001,1.20153,1.2022,13801
2021.03.02,1.2049299999999998,1.20509,1.20274,1.20316,7319
2021.03.01,1.20413,1.20519,1.20329,1.20495,10900
2021.03.01,1.2053399999999999,1.2068299999999998,1.20278,1.20412,33608
2021.03.01,1.2039,1.2056,1.2037799999999999,1.2053399999999999,21610
2021.03.01,1.2085,1.20933,1.20288,1.20389,23634
2021.03.01,1.20845,1.20891,1.2075,1.2085,10369
2021.03.01,1.20672,1.21014,1.2067,1.20844,11166
2021.02.26,1.20803,1.20904,1.20624,1.20715,20662
2021.02.26,1.2124,1.21418,1.20739,1.20802,56141
2021.02.26,1.21254,1.21296,1.2093,1.21238,41975
2021.02.26,1.2154200000000002,1.21599,1.21231,1.21256,37601
2021.02.26,1.2164,1.2183,1.2145299999999999,1.2154200000000002,19661
2021.02.26,1.21777,1.21833,1.2137200000000001,1.21642,20550
2021.02.25,1.2213,1.2214200000000002,1.2160799999999998,1.21736,44769
2021.02.25,1.22128,1.22433,1.22092,1.22128,47826
2021.02.25,1.22203,1.22383,1.22116,1.22127,33971
2021.02.25,1.21785,1.22231,1.21681,1.22204,25795
2021.02.25,1.21576,1.21832,1.2156200000000001,1.21783,8533
2021.02.25,1.2171100000000001,1.2172100000000001,1.21569,1.2157799999999999,6968
2021.02.24,1.21423,1.21749,1.21396,1.21706,12372
2021.02.24,1.21336,1.21471,1.21095,1.21421,36394
2021.02.24,1.2163,1.21728,1.2123700000000002,1.21337,28952
2021.02.24,1.21482,1.21751,1.21444,1.21631,27108
2021.02.24,1.2159,1.21627,1.21458,1.2148299999999999,11257
2021.02.24,1.21459,1.2166700000000001,1.2143,1.21589,11879
2021.02.23,1.2146299999999999,1.21579,1.21421,1.21506,10112
2021.02.23,1.21495,1.2167,1.21357,1.21464,34765
2021.02.23,1.21494,1.21584,1.21357,1.21496,22202
2021.02.23,1.21704,1.21803,1.21454,1.2149299999999998,20759
2021.02.23,1.2176,1.21774,1.21649,1.21704,5369
2021.02.23,1.2155,1.21773,1.21548,1.2175799999999999,5899
2021.02.22,1.21656,1.21698,1.21508,1.21581,7514
2021.02.22,1.21478,1.21682,1.21295,1.21658,31008
2021.02.22,1.21084,1.21545,1.2108,1.2147700000000001,22947
2021.02.22,1.21207,1.2124700000000002,1.20913,1.21085,24655
2021.02.22,1.2126700000000001,1.21295,1.21128,1.2120600000000001,8332
2021.02.22,1.2113200000000002,1.21357,1.2112100000000001,1.21269,7300
2021.02.19,1.21275,1.21281,1.21081,1.21181,8735
2021.02.19,1.2131,1.21405,1.2117799999999999,1.21275,20911
2021.02.19,1.21341,1.21448,1.21264,1.2131100000000001,20464
2021.02.19,1.20945,1.21417,1.2091,1.21343,19023
2021.02.19,1.2088299999999998,1.20967,1.2082600000000001,1.20947,6190
2021.02.19,1.2088700000000001,1.2098799999999998,1.20825,1.20881,4611
2021.02.18,1.2082,1.2095,1.208,1.20929,6409
2021.02.18,1.20852,1.20868,1.20625,1.20822,26124
2021.02.18,1.20738,1.20904,1.2062899999999999,1.20851,22161
2021.02.18,1.20461,1.2075799999999999,1.20369,1.2074,17450
2021.02.18,1.20449,1.20469,1.20359,1.20462,5348
2021.02.18,1.20401,1.20505,1.20395,1.2045,5188
2021.02.17,1.20456,1.20461,1.20347,1.20401,7397
2021.02.17,1.20338,1.20481,1.20235,1.20456,26223
2021.02.17,1.20684,1.20698,1.20309,1.20339,22317
2021.02.17,1.20936,1.20938,1.206,1.20682,22171
2021.02.17,1.2093399999999999,1.20987,1.20862,1.20936,7351
2021.02.17,1.2105700000000001,1.2106299999999999,1.20835,1.2093200000000002,8564
2021.02.16,1.21091,1.2118200000000001,1.21034,1.2104700000000002,6550
2021.02.16,1.21086,1.21242,1.20954,1.21091,31179
2021.02.16,1.21527,1.21699,1.2106700000000001,1.2108700000000001,21840
2021.02.16,1.21367,1.21577,1.2129,1.21529,16224
2021.02.16,1.21431,1.21505,1.2133,1.21369,5522
2021.02.16,1.21284,1.2147,1.21248,1.2143,4484
2021.02.15,1.2131299999999998,1.2135,1.21252,1.21276,1535
2021.02.15,1.21272,1.21386,1.21212,1.2131100000000001,9472
2021.02.15,1.21348,1.2140799999999998,1.21242,1.21271,11609
2021.02.15,1.21383,1.21455,1.21309,1.21348,15579
2021.02.15,1.2127,1.2140600000000001,1.21258,1.2138200000000001,5222
2021.02.15,1.21211,1.21288,1.21159,1.21272,4258
2021.02.12,1.21238,1.2126700000000001,1.21135,1.21199,6644
2021.02.12,1.20874,1.21291,1.20818,1.2123700000000002,22715
2021.02.12,1.21084,1.21153,1.20845,1.20875,16470
2021.02.12,1.21318,1.21318,1.21007,1.2108700000000001,16492
2021.02.12,1.21272,1.2132,1.2118799999999998,1.21316,5447
2021.02.12,1.21275,1.21346,1.21249,1.21275,3277
2021.02.11,1.2127700000000001,1.2137799999999999,1.2123700000000002,1.2129,8268
2021.02.11,1.2144,1.2145299999999999,1.21218,1.21276,23490
2021.02.11,1.21308,1.21499,1.21211,1.21441,14721
2021.02.11,1.21268,1.21363,1.21183,1.21307,13425
2021.02.11,1.21175,1.21282,1.21171,1.21268,4035
2021.02.11,1.2118,1.21203,1.21138,1.21174,2424
2021.02.10,1.21386,1.21386,1.21169,1.21183,8548
2021.02.10,1.21289,1.214,1.21235,1.21385,28598
2021.02.10,1.21196,1.21401,1.2113399999999999,1.2129,21750
2021.02.10,1.21246,1.21444,1.21144,1.2119799999999998,19190
2021.02.10,1.21165,1.2130100000000001,1.2116,1.21246,4874
2021.02.10,1.2118,1.21194,1.21089,1.21163,4021
2021.02.09,1.2105700000000001,1.21221,1.21024,1.2118,8629
2021.02.09,1.21021,1.21099,1.20889,1.21058,24446
2021.02.09,1.2110100000000001,1.21136,1.20905,1.2102,19628
2021.02.09,1.20783,1.2116799999999999,1.2067700000000001,1.211,22772
2021.02.09,1.20597,1.20824,1.20597,1.20783,7757
2021.02.09,1.20451,1.20644,1.20451,1.20599,4975
2021.02.08,1.20474,1.2057799999999999,1.20442,1.20484,7251
2021.02.08,1.20379,1.2066299999999999,1.2033399999999999,1.20475,23896
2021.02.08,1.20285,1.20445,1.20201,1.2038,18607
2021.02.08,1.2037,1.20492,1.2024299999999999,1.20287,13438
2021.02.08,1.20384,1.2043,1.20316,1.2037,3678
2021.02.08,1.2037,1.20538,1.2030100000000001,1.20386,5936
2021.02.05,1.20381,1.2050299999999998,1.20375,1.20426,8005
2021.02.05,1.2004,1.20423,1.2001,1.20383,27362
2021.02.05,1.1977200000000001,1.20241,1.19689,1.20042,26358
2021.02.05,1.19633,1.1988299999999998,1.1959799999999998,1.19773,17909
2021.02.05,1.19664,1.19685,1.19525,1.19632,6098
2021.02.05,1.19622,1.19723,1.1958,1.19661,4505
2021.02.04,1.1960899999999999,1.19684,1.19579,1.1958600000000001,7445
2021.02.04,1.19844,1.19896,1.19576,1.19608,20401
2021.02.04,1.19856,1.19983,1.1983,1.1984299999999999,24053
2021.02.04,1.20173,1.20174,1.19834,1.19858,24174
2021.02.04,1.20353,1.2038799999999998,1.20125,1.20173,7707
2021.02.04,1.20356,1.20431,1.20288,1.2035200000000001,5520
2021.02.03,1.20272,1.20377,1.20213,1.20351,8147
2021.02.03,1.20173,1.20328,1.20044,1.2027,23335
2021.02.03,1.20231,1.20307,1.2005299999999999,1.20175,19403
2021.02.03,1.20442,1.20444,1.20094,1.2022700000000002,19630
2021.02.03,1.2047299999999999,1.20485,1.20394,1.20442,5790
2021.02.03,1.20426,1.20505,1.20359,1.2047299999999999,5803
2021.02.02,1.20193,1.2046299999999999,1.20174,1.2043700000000002,11703
2021.02.02,1.20484,1.20497,1.20119,1.20192,29938
2021.02.02,1.2067,1.207,1.20266,1.20486,26611
2021.02.02,1.2079600000000001,1.2087700000000001,1.20643,1.20672,21121
2021.02.02,1.20844,1.2088,1.2074799999999999,1.20794,7291
2021.02.02,1.20594,1.20865,1.20586,1.20843,6132
2021.02.01,1.20699,1.20786,1.20563,1.20597,12786
2021.02.01,1.2085299999999999,1.20999,1.2062899999999999,1.207,29089
2021.02.01,1.2094200000000002,1.20946,1.20696,1.20851,27455
2021.02.01,1.21304,1.21329,1.2084,1.20939,25540
2021.02.01,1.2127700000000001,1.2133200000000002,1.2125,1.2130299999999998,6422
2021.02.01,1.21269,1.21366,1.21204,1.21275,8192
2021.01.29,1.21327,1.21395,1.21278,1.21371,17126
2021.01.29,1.2146700000000001,1.21561,1.21252,1.21328,42469
2021.01.29,1.2116799999999999,1.21525,1.21071,1.21466,36486
2021.01.29,1.2099799999999998,1.21215,1.20974,1.2117,28585
2021.01.29,1.2108700000000001,1.2109299999999998,1.20946,1.21,8547
2021.01.29,1.2118799999999998,1.2125700000000001,1.2103899999999999,1.21086,5217
2021.01.28,1.21255,1.21404,1.21186,1.21218,14438
2021.01.28,1.21289,1.21424,1.21192,1.21254,37819
2021.01.28,1.2109,1.21308,1.2088299999999998,1.21289,33217
2021.01.28,1.21054,1.21137,1.2081,1.21091,32062
2021.01.28,1.21015,1.21058,1.20871,1.21058,8903
2021.01.28,1.21116,1.21116,1.20822,1.2101600000000001,8245
2021.01.27,1.21183,1.21289,1.20936,1.21116,26968
2021.01.27,1.21116,1.21196,1.20586,1.21181,43992
2021.01.27,1.2122700000000002,1.21333,1.20983,1.2111399999999999,29518
2021.01.27,1.21633,1.2166299999999999,1.21194,1.2123,23613
2021.01.27,1.21614,1.21654,1.21533,1.21634,4742
2021.01.27,1.216,1.2170100000000001,1.21587,1.21612,4186
2021.01.26,1.21575,1.21689,1.21566,1.21599,8846
2021.01.26,1.21571,1.21763,1.21392,1.21577,27521
2021.01.26,1.21294,1.21622,1.21233,1.21571,24767
2021.01.26,1.2131100000000001,1.21417,1.2108,1.2129299999999998,25231
2021.01.26,1.2145700000000001,1.21466,1.21272,1.2131299999999998,5827
2021.01.26,1.21417,1.21459,1.21333,1.2145700000000001,3334
2021.01.25,1.21448,1.21471,1.21364,1.21417,8886
2021.01.25,1.21474,1.21526,1.2116200000000001,1.21448,34590
2021.01.25,1.21475,1.2163,1.21404,1.2147299999999999,22484
2021.01.25,1.21811,1.2183700000000002,1.21441,1.21478,22620
2021.01.25,1.21646,1.21812,1.21646,1.21811,5845
2021.01.25,1.21675,1.21739,1.21604,1.21645,5443
2021.01.22,1.21672,1.21736,1.21656,1.21715,7909
2021.01.22,1.21659,1.21852,1.2154399999999999,1.21674,24744
2021.01.22,1.21743,1.21876,1.21554,1.21658,20861
2021.01.22,1.2172,1.21898,1.21518,1.21739,22503
2021.01.22,1.2173,1.2177,1.21704,1.21723,5153
2021.01.22,1.21622,1.21779,1.21611,1.21733,4709
2021.01.21,1.21489,1.2170299999999998,1.21484,1.21675,9009
2021.01.21,1.21519,1.21704,1.21357,1.21489,31015
2021.01.21,1.2142600000000001,1.2173200000000002,1.21328,1.21518,27647
2021.01.21,1.2135,1.2146,1.21147,1.2142700000000002,18549
2021.01.21,1.21243,1.21384,1.21231,1.21351,5329
2021.01.21,1.21049,1.21308,1.21005,1.21242,4478
2021.01.20,1.21072,1.2110299999999998,1.20992,1.21054,8545
2021.01.20,1.21075,1.2118,1.20766,1.2107,28457
2021.01.20,1.21274,1.2128,1.2095799999999999,1.21076,21991
2021.01.20,1.21448,1.21586,1.21181,1.21275,20377
2021.01.20,1.2141,1.21499,1.21399,1.21446,4416
2021.01.20,1.21284,1.21466,1.21203,1.21411,5133
2021.01.19,1.21215,1.21302,1.21191,1.21288,7876
2021.01.19,1.21364,1.2145299999999999,1.21159,1.21214,24115
2021.01.19,1.21183,1.21417,1.2118200000000001,1.21365,20087
2021.01.19,1.20974,1.21231,1.20856,1.21186,19364
2021.01.19,1.20936,1.2098799999999998,1.2091,1.20974,5112
2021.01.19,1.20754,1.2097200000000001,1.2074200000000002,1.20936,4485
2021.01.18,1.2075200000000001,1.2081899999999999,1.2072100000000001,1.20757,2959
2021.01.18,1.20664,1.2081,1.2063,1.2075,11855
2021.01.18,1.2062700000000002,1.2076,1.20538,1.2066299999999999,16335
2021.01.18,1.20779,1.20871,1.20594,1.20625,18370
2021.01.18,1.20789,1.2085,1.20656,1.20779,6685
2021.01.18,1.20801,1.20865,1.20651,1.2079,6658
2021.01.15,1.20936,1.20938,1.20723,1.20763,9726
2021.01.15,1.2116200000000001,1.21181,1.20818,1.20939,31217
2021.01.15,1.21393,1.21446,1.21141,1.21163,22086
2021.01.15,1.214,1.21472,1.21181,1.21394,18716
2021.01.15,1.2151100000000001,1.2155,1.2135200000000002,1.21401,5757
2021.01.15,1.2151,1.21628,1.2148700000000001,1.2151100000000001,4372
2021.01.14,1.21658,1.2176,1.2146700000000001,1.21504,15582
2021.01.14,1.21201,1.2178799999999999,1.21123,1.21659,30011
2021.01.14,1.21664,1.21675,1.2111100000000001,1.212,24446
2021.01.14,1.2155200000000002,1.2167700000000001,1.21364,1.21666,20083
2021.01.14,1.2166299999999999,1.21694,1.21343,1.21554,10241
2021.01.14,1.21504,1.21722,1.215,1.21661,3967
2021.01.13,1.2165700000000002,1.21753,1.21486,1.2158,10661
2021.01.13,1.2161600000000001,1.21809,1.2139799999999998,1.21656,30232
2021.01.13,1.21897,1.21923,1.2154399999999999,1.2161600000000001,23983
2021.01.13,1.2209299999999998,1.22232,1.21824,1.21898,18782
2021.01.13,1.22176,1.2220600000000001,1.22076,1.2209299999999998,5232
2021.01.13,1.22068,1.22185,1.21989,1.22177,5290
2021.01.12,1.21748,1.221,1.21723,1.22078,14706
2021.01.12,1.21465,1.2178,1.21373,1.21748,27104
2021.01.12,1.2161799999999998,1.21671,1.21409,1.21466,22992
2021.01.12,1.2153399999999999,1.21793,1.2149,1.2161899999999999,22029
2021.01.12,1.21495,1.21554,1.21389,1.21536,5875
2021.01.12,1.21509,1.21623,1.21407,1.21494,5498
2021.01.11,1.21671,1.21719,1.2149,1.21506,9388
2021.01.11,1.21449,1.21747,1.2132399999999999,1.21672,32486
2021.01.11,1.21611,1.21723,1.21394,1.21449,23264
2021.01.11,1.2181799999999998,1.22002,1.21602,1.2161,23408
2021.01.11,1.21779,1.21823,1.21669,1.2182,7726
2021.01.11,1.22149,1.22234,1.21715,1.2178,8580
2021.01.08,1.22288,1.2229,1.2193,1.2216799999999999,16448
2021.01.08,1.2271100000000001,1.22835,1.22224,1.22289,44643
2021.01.08,1.22406,1.2285,1.22327,1.22712,28360
2021.01.08,1.2258200000000001,1.2269299999999999,1.22133,1.22404,26172
2021.01.08,1.2248299999999999,1.22684,1.22459,1.2258200000000001,8273
2021.01.08,1.22688,1.22726,1.22351,1.22484,7918
2021.01.07,1.22661,1.22794,1.22631,1.2268700000000001,12309
2021.01.07,1.2268700000000001,1.2283,1.22466,1.2266,35883
2021.01.07,1.22686,1.2278799999999999,1.22453,1.22686,27475
2021.01.07,1.23129,1.2326,1.22641,1.22692,26863
2021.01.07,1.23309,1.23328,1.23112,1.2313,7862
2021.01.07,1.23252,1.2344700000000002,1.23213,1.23308,6253
2021.01.06,1.2299,1.23401,1.22967,1.23256,23816
2021.01.06,1.23201,1.23212,1.22655,1.22993,40293
2021.01.06,1.2338799999999999,1.2349700000000001,1.23163,1.2319799999999999,28247
2021.01.06,1.2296799999999999,1.23455,1.2296799999999999,1.2338799999999999,29299
2021.01.06,1.2289700000000001,1.2306700000000002,1.22758,1.2297,13276
2021.01.06,1.22977,1.23259,1.22807,1.22895,11966
2021.01.05,1.22996,1.23058,1.22898,1.2297799999999999,10558
2021.01.05,1.2263,1.23055,1.22541,1.22997,32709
2021.01.05,1.22728,1.22909,1.22607,1.2262899999999999,21828
2021.01.05,1.2272299999999998,1.22843,1.22555,1.22727,20503
2021.01.05,1.22574,1.22773,1.2257200000000001,1.2272299999999998,7873
2021.01.05,1.22518,1.22632,1.22446,1.2257200000000001,5121
2021.01.04,1.2253100000000001,1.22569,1.22417,1.22518,13823
2021.01.04,1.22993,1.23098,1.22501,1.2253100000000001,36920
2021.01.04,1.2293399999999999,1.23064,1.22865,1.22991,23139
2021.01.04,1.22555,1.23009,1.22424,1.22935,22680
2021.01.04,1.22528,1.22596,1.22414,1.22554,8545
2021.01.04,1.22393,1.22559,1.22288,1.22529,7917
2020.12.31,1.22256,1.2228299999999999,1.22086,1.2213,7428
2020.12.31,1.2284700000000002,1.22855,1.22212,1.22255,24978
2020.12.31,1.22795,1.22888,1.22597,1.22846,19380
2020.12.31,1.22898,1.23046,1.2277200000000001,1.22795,17200
2020.12.31,1.2306700000000002,1.23095,1.22854,1.22898,4750
2020.12.31,1.22938,1.23094,1.2290299999999998,1.23069,3329
2020.12.30,1.2289,1.23017,1.2280799999999998,1.22981,7678
2020.12.30,1.22916,1.23102,1.22715,1.22888,28014
2020.12.30,1.22688,1.22938,1.22666,1.22916,18945
2020.12.30,1.22853,1.2287,1.2253,1.22689,16405
2020.12.30,1.2291299999999998,1.2292299999999998,1.2282,1.22853,5238
2020.12.30,1.22498,1.22951,1.22462,1.2291100000000001,6404
2020.12.29,1.22419,1.2259,1.22363,1.22501,9488
2020.12.29,1.22539,1.2275399999999999,1.22374,1.2242,23846
2020.12.29,1.22501,1.22617,1.22393,1.22538,16736
2020.12.29,1.22365,1.22583,1.22361,1.22501,13539
2020.12.29,1.22278,1.22433,1.22248,1.22365,5309
2020.12.29,1.22104,1.22348,1.2207299999999999,1.22276,4048
2020.12.28,1.22066,1.22163,1.2202899999999999,1.22151,7903
2020.12.28,1.22133,1.22402,1.22053,1.2206700000000001,19427
2020.12.28,1.22491,1.22507,1.21916,1.22133,21505
2020.12.28,1.22238,1.22506,1.22199,1.22492,13034
2020.12.28,1.22053,1.2223899999999999,1.22046,1.22238,4893
2020.12.28,1.21851,1.2208299999999999,1.21812,1.22052,6532
2020.12.24,1.21834,1.2186,1.2177,1.2183700000000002,1129
2020.12.24,1.2188299999999999,1.2198200000000001,1.21774,1.21833,12686
2020.12.24,1.21918,1.22033,1.2186,1.2188299999999999,11086
2020.12.24,1.22053,1.2210299999999998,1.21874,1.21919,12283
2020.12.24,1.22085,1.2216,1.22023,1.22051,4316
2020.12.24,1.21832,1.22125,1.2181,1.22086,4631
2020.12.23,1.2187299999999999,1.2196799999999999,1.21728,1.21842,10509
2020.12.23,1.2176,1.22213,1.21739,1.2187,30310
2020.12.23,1.21943,1.2199,1.21604,1.21763,20519
2020.12.23,1.2189299999999998,1.22011,1.2172399999999999,1.2194200000000002,17355
2020.12.23,1.2177200000000001,1.21923,1.2166700000000001,1.21894,6363
2020.12.23,1.2162,1.21879,1.21541,1.21774,6674
2020.12.22,1.21748,1.2175,1.21525,1.2162,9496
2020.12.22,1.22306,1.22393,1.21609,1.21749,30312
2020.12.22,1.22075,1.22573,1.2204700000000002,1.22306,23905
2020.12.22,1.22189,1.223,1.22052,1.2207299999999999,19457
2020.12.22,1.22314,1.22356,1.2216,1.2218799999999999,5443
2020.12.22,1.22401,1.225,1.22285,1.22316,4017
2020.12.21,1.22365,1.2253,1.22282,1.22431,13878
2020.12.21,1.21917,1.2239,1.21917,1.22364,28637
2020.12.21,1.2175799999999999,1.2215,1.21294,1.21916,41869
2020.12.21,1.21915,1.22272,1.21685,1.21756,29190
2020.12.21,1.22085,1.22127,1.21785,1.21918,8068
2020.12.21,1.2218,1.22351,1.2204899999999999,1.22084,7097
2020.12.18,1.2237200000000001,1.22587,1.22354,1.22522,7804
2020.12.18,1.2249,1.22538,1.22258,1.22369,22378
2020.12.18,1.22498,1.22691,1.22434,1.2248700000000001,18854
2020.12.18,1.2243600000000001,1.22633,1.22432,1.22498,16277
2020.12.18,1.22566,1.22587,1.22389,1.2243600000000001,5036
2020.12.18,1.22661,1.22714,1.22508,1.22565,4486
2020.12.17,1.22604,1.2273100000000001,1.22586,1.22659,9626
2020.12.17,1.22422,1.22682,1.22394,1.22606,22607
2020.12.17,1.22328,1.2259200000000001,1.22254,1.22421,21118
2020.12.17,1.22262,1.22444,1.22243,1.22329,18665
2020.12.17,1.22027,1.22357,1.22015,1.22262,6747
2020.12.17,1.21969,1.22089,1.21895,1.22024,4360
2020.12.16,1.21689,1.22014,1.2125,1.2199,22470
2020.12.16,1.2188299999999999,1.2206700000000001,1.21631,1.21689,21163
2020.12.16,1.22065,1.22071,1.2179200000000001,1.2188,18588
2020.12.16,1.2162600000000001,1.22122,1.21527,1.2206700000000001,23267
2020.12.16,1.2151299999999998,1.21655,1.2151299999999998,1.2162600000000001,4403
2020.12.16,1.21507,1.21556,1.21455,1.2151399999999999,3142
2020.12.15,1.21611,1.21692,1.21491,1.2153,9223
2020.12.15,1.21399,1.2161799999999998,1.21383,1.21612,21655
2020.12.15,1.21581,1.21665,1.21207,1.2139799999999998,21576
2020.12.15,1.21547,1.21624,1.21317,1.2158200000000001,16814
2020.12.15,1.21602,1.21636,1.21454,1.2155,5823
2020.12.15,1.21411,1.2160799999999998,1.21409,1.21603,4356
2020.12.14,1.2157799999999999,1.2161,1.21393,1.21431,7315
2020.12.14,1.21716,1.21718,1.21233,1.21579,26480
2020.12.14,1.21581,1.21771,1.21482,1.21718,19088
2020.12.14,1.21409,1.2160600000000001,1.2138799999999998,1.2157799999999999,15979
2020.12.14,1.2129299999999998,1.21421,1.21288,1.21409,4186
2020.12.14,1.21347,1.21421,1.21159,1.21294,5458
2020.12.11,1.2117,1.21207,1.21032,1.21081,7790
2020.12.11,1.2115799999999999,1.21335,1.2105700000000001,1.21169,25066
2020.12.11,1.21179,1.2138,1.21105,1.21159,24217
2020.12.11,1.21557,1.21632,1.21127,1.2118,21941
2020.12.11,1.21561,1.2160600000000001,1.2151299999999998,1.21557,5516
2020.12.11,1.2138,1.21604,1.2137,1.2156,5217
2020.12.10,1.21203,1.21451,1.21135,1.2142,12185
2020.12.10,1.2126,1.21593,1.20966,1.2120600000000001,42903
2020.12.10,1.2106299999999999,1.21355,1.20815,1.21261,31291
2020.12.10,1.20965,1.2109,1.2083700000000002,1.21065,18463
2020.12.10,1.20818,1.2100600000000001,1.20813,1.20965,5970
2020.12.10,1.20765,1.2084700000000002,1.2073200000000002,1.2081899999999999,4316
2020.12.09,1.20729,1.20842,1.2061,1.20815,12200
2020.12.09,1.21207,1.21241,1.20587,1.20728,28992
2020.12.09,1.2125700000000001,1.21366,1.21015,1.2121,21676
2020.12.09,1.2131399999999999,1.21476,1.21202,1.2126,17836
2020.12.09,1.21115,1.21316,1.21104,1.21316,5371
2020.12.09,1.2102600000000001,1.21151,1.2099600000000001,1.21115,3615
2020.12.08,1.21155,1.21177,1.21005,1.2103899999999999,7865
2020.12.08,1.21187,1.21338,1.21003,1.21156,28047
2020.12.08,1.21294,1.2133200000000002,1.21074,1.21185,27366
2020.12.08,1.2118799999999998,1.21344,1.20957,1.21292,20249
2020.12.08,1.2107299999999999,1.21199,1.21056,1.2118799999999998,4809
2020.12.08,1.21086,1.21137,1.21044,1.21074,4493
2020.12.07,1.2133399999999999,1.21336,1.2107700000000001,1.21081,12800
2020.12.07,1.21375,1.2166299999999999,1.2130299999999998,1.21336,23975
2020.12.07,1.20935,1.21399,1.2085299999999999,1.21377,24820
2020.12.07,1.21319,1.21333,1.20789,1.2093399999999999,25254
2020.12.07,1.21353,1.2140600000000001,1.21308,1.2132,4383
2020.12.07,1.21282,1.21365,1.21181,1.21355,5068
2020.12.04,1.21441,1.2152100000000001,1.2110100000000001,1.21197,10939
2020.12.04,1.21462,1.21723,1.21335,1.2144,28060
2020.12.04,1.21671,1.21779,1.21318,1.21461,30308
2020.12.04,1.21504,1.21737,1.21441,1.2167299999999999,20949
2020.12.04,1.21443,1.21516,1.21392,1.21504,5470
2020.12.04,1.2142,1.2154200000000002,1.21395,1.21441,5017
2020.12.03,1.21465,1.21495,1.21329,1.21479,10597
2020.12.03,1.2151399999999999,1.21749,1.21381,1.21466,28662
2020.12.03,1.2111299999999998,1.2161600000000001,1.21043,1.2151299999999998,25889
2020.12.03,1.2119799999999998,1.21397,1.21012,1.21116,21295
2020.12.03,1.21137,1.21255,1.21122,1.2119799999999998,5317
2020.12.03,1.21131,1.21156,1.21043,1.21135,4586
2020.12.02,1.20939,1.21189,1.20902,1.2115799999999999,9194
2020.12.02,1.20666,1.2108700000000001,1.20605,1.20937,30877
2020.12.02,1.20537,1.20789,1.20401,1.2066299999999999,24914
2020.12.02,1.20686,1.20879,1.20458,1.20538,25628
2020.12.02,1.20686,1.20838,1.20668,1.20686,6874
2020.12.02,1.20664,1.20735,1.2060799999999998,1.20687,5147
2020.12.01,1.20456,1.20769,1.2043,1.20723,11536
2020.12.01,1.19926,1.20549,1.19755,1.20455,36989
2020.12.01,1.19807,1.1994200000000002,1.19605,1.19926,19861
2020.12.01,1.19574,1.1986,1.19544,1.1980899999999999,18761
2020.12.01,1.19498,1.19602,1.1948299999999998,1.19573,4900
2020.12.01,1.19262,1.19498,1.19245,1.19496,4399
2020.11.30,1.1954799999999999,1.1959899999999999,1.1920899999999999,1.19234,10688
2020.11.30,1.1986700000000001,1.20036,1.19421,1.19547,36202
2020.11.30,1.19845,1.19927,1.19733,1.19866,16904
2020.11.30,1.1972399999999999,1.1985700000000001,1.19624,1.1985,17396
2020.11.30,1.1974200000000002,1.1975200000000001,1.19654,1.1972399999999999,5862
2020.11.30,1.19602,1.19744,1.19602,1.19743,5380
2020.11.27,1.1957,1.19632,1.1950100000000001,1.19628,2303
2020.11.27,1.1937200000000001,1.19621,1.19316,1.1957,20823
2020.11.27,1.19233,1.19395,1.19144,1.1937,16124
2020.11.27,1.1927,1.19331,1.19151,1.19233,13416
2020.11.27,1.1913799999999999,1.19289,1.1910399999999999,1.19271,4063
2020.11.27,1.1910399999999999,1.19153,1.1906700000000001,1.19139,2757
2020.11.26,1.19134,1.19187,1.19092,1.1911,1537
2020.11.26,1.18985,1.19151,1.18934,1.19135,10524
2020.11.26,1.1904,1.1915,1.1885700000000001,1.18984,14333
2020.11.26,1.19265,1.19413,1.19023,1.1903700000000002,15550
2020.11.26,1.19271,1.19289,1.19204,1.19265,4821
2020.11.26,1.19129,1.19296,1.19119,1.19269,3137
2020.11.25,1.19161,1.1925,1.1908,1.19131,9454
2020.11.25,1.19048,1.1926700000000001,1.18918,1.19159,25936
2020.11.25,1.1905,1.19157,1.18822,1.1904700000000001,19858
2020.11.25,1.18982,1.1930100000000001,1.1891399999999999,1.19051,24926
2020.11.25,1.18983,1.19105,1.18959,1.18982,8479
2020.11.25,1.18895,1.19065,1.1889399999999999,1.18984,5634
2020.11.24,1.18731,1.18961,1.1868100000000001,1.18927,8543
2020.11.24,1.18546,1.18868,1.18415,1.1873,24540
2020.11.24,1.1884,1.18945,1.18505,1.18543,19405
2020.11.24,1.1852200000000002,1.18908,1.18462,1.18839,16979
2020.11.24,1.18423,1.18554,1.1841899999999999,1.1852200000000002,6219
2020.11.24,1.1840899999999999,1.18477,1.18335,1.18422,5777
2020.11.23,1.18418,1.18482,1.1835200000000001,1.1840899999999999,8591
2020.11.23,1.19,1.1900899999999999,1.18001,1.18414,31987
2020.11.23,1.18779,1.19062,1.1875799999999999,1.18998,19564
2020.11.23,1.1877,1.18831,1.18632,1.18781,16459
2020.11.23,1.1876799999999998,1.18774,1.18716,1.1877,2805
2020.11.23,1.1852200000000002,1.18784,1.18502,1.18769,3715
2020.11.20,1.18544,1.18636,1.185,1.1855799999999999,6927
2020.11.20,1.1868100000000001,1.18761,1.1850399999999999,1.18545,16560
2020.11.20,1.18592,1.1878600000000001,1.18515,1.18682,18014
2020.11.20,1.18844,1.18892,1.18564,1.18595,18553
2020.11.20,1.1877,1.1891,1.18709,1.18844,5719
2020.11.20,1.1873799999999999,1.18784,1.18655,1.18769,4383
2020.11.19,1.1846700000000001,1.18826,1.18466,1.1873799999999999,9197
2020.11.19,1.18307,1.18511,1.1818799999999998,1.18466,20127
2020.11.19,1.18299,1.18418,1.18166,1.18306,18819
2020.11.19,1.18507,1.18526,1.18218,1.183,20009
2020.11.19,1.18431,1.18523,1.18411,1.18507,6416
2020.11.19,1.1854,1.18565,1.1832200000000002,1.18432,6445
2020.11.18,1.18698,1.18705,1.18495,1.18537,9023
2020.11.18,1.18598,1.18772,1.18545,1.18699,19505
2020.11.18,1.18884,1.18886,1.18516,1.18598,20856
2020.11.18,1.18737,1.18915,1.1869399999999999,1.18885,17007
2020.11.18,1.18549,1.18775,1.1853799999999999,1.18737,6356
2020.11.18,1.18611,1.18662,1.18507,1.1855,5088
2020.11.17,1.18634,1.18698,1.1860700000000002,1.18611,6994
2020.11.17,1.1886299999999999,1.1886299999999999,1.18575,1.18635,21970
2020.11.17,1.18682,1.18941,1.18656,1.18861,19553
2020.11.17,1.18566,1.1876,1.18428,1.18682,17403
2020.11.17,1.18601,1.18672,1.1854200000000001,1.18566,4867
2020.11.17,1.1849399999999999,1.18669,1.1849399999999999,1.18602,5311
2020.11.16,1.18422,1.18572,1.18371,1.18531,7097
2020.11.16,1.18216,1.18459,1.18192,1.18423,20907
2020.11.16,1.18454,1.18496,1.18144,1.18214,36275
2020.11.16,1.18474,1.1869100000000001,1.18405,1.1845299999999999,16146
2020.11.16,1.18486,1.18551,1.18454,1.18475,5147
2020.11.16,1.18397,1.18492,1.18251,1.18484,6083
2020.11.13,1.18269,1.1837600000000001,1.18244,1.1832799999999999,6753
2020.11.13,1.18211,1.18319,1.18136,1.18267,17606
2020.11.13,1.18272,1.1834799999999999,1.18086,1.1821,16343
2020.11.13,1.18068,1.18275,1.1800899999999999,1.18272,16311
2020.11.13,1.18086,1.1810200000000002,1.17992,1.18067,6112
2020.11.13,1.18046,1.18141,1.18002,1.18089,5072
2020.11.12,1.18002,1.18117,1.17963,1.18046,11275
2020.11.12,1.18099,1.18179,1.17874,1.18003,25199
2020.11.12,1.1809399999999999,1.18235,1.1790200000000002,1.18098,21711
2020.11.12,1.17741,1.18125,1.1759,1.18095,20929
2020.11.12,1.17821,1.17836,1.1768100000000001,1.1774200000000001,6896
2020.11.12,1.1773200000000001,1.17887,1.17724,1.1782299999999999,4765
2020.11.11,1.17735,1.1782700000000002,1.17695,1.17785,6293
2020.11.11,1.17587,1.17747,1.17458,1.17733,20000
2020.11.11,1.17931,1.17975,1.1754,1.1758899999999999,25498
2020.11.11,1.1825299999999999,1.18286,1.178,1.17933,21618
2020.11.11,1.18277,1.18331,1.18214,1.1825299999999999,6772
2020.11.11,1.18144,1.18288,1.18069,1.18276,6550
2020.11.10,1.18201,1.1826299999999998,1.1803700000000001,1.18144,12106
2020.11.10,1.18105,1.18346,1.18014,1.182,38719
2020.11.10,1.18067,1.18201,1.1779899999999999,1.18108,35175
2020.11.10,1.1833799999999999,1.1843700000000001,1.18005,1.18066,29832
2020.11.10,1.18245,1.18387,1.1823,1.18339,11384
2020.11.10,1.18106,1.18285,1.1807299999999998,1.1824299999999999,11161
2020.11.09,1.1819,1.18367,1.18032,1.18136,17620
2020.11.09,1.18929,1.19204,1.17957,1.18191,60912
2020.11.09,1.18741,1.19072,1.18602,1.1893200000000002,55321
2020.11.09,1.1881,1.1898799999999998,1.18651,1.18741,26160
2020.11.09,1.1888100000000001,1.1896200000000001,1.18803,1.1880899999999999,8365
2020.11.09,1.1890100000000001,1.18955,1.18772,1.18882,9788
2020.11.06,1.18814,1.1887,1.1872,1.18723,8790
2020.11.06,1.18895,1.18913,1.18515,1.18813,36646
2020.11.06,1.18534,1.18906,1.18468,1.1889399999999999,31833
2020.11.06,1.18146,1.18539,1.18133,1.18535,24842
2020.11.06,1.18124,1.18337,1.18079,1.18147,12419
2020.11.06,1.18213,1.18466,1.17956,1.18123,15047
2020.11.05,1.18038,1.18446,1.1795,1.1826299999999998,18150
2020.11.05,1.18393,1.18402,1.17915,1.18035,34519
2020.11.05,1.17946,1.18601,1.17892,1.1839600000000001,34314
2020.11.05,1.17365,1.18028,1.17278,1.17947,32197
2020.11.05,1.17215,1.17446,1.1711,1.17363,10946
2020.11.05,1.17198,1.17395,1.17137,1.17216,8496
2020.11.04,1.17153,1.17288,1.17103,1.17198,12918
2020.11.04,1.17109,1.17345,1.16805,1.17154,37816
2020.11.04,1.16761,1.1746,1.16725,1.17107,37876
2020.11.04,1.16588,1.16956,1.1628399999999999,1.16761,40351
2020.11.04,1.16842,1.16861,1.16025,1.1658899999999999,41134
2020.11.04,1.17137,1.1770100000000001,1.16737,1.16841,26499
2020.11.03,1.17099,1.1723,1.1696,1.1719,9247
2020.11.03,1.1704700000000001,1.17402,1.1702700000000001,1.17099,19017
2020.11.03,1.16969,1.17185,1.16921,1.17048,17588
2020.11.03,1.16551,1.16981,1.16534,1.1697,18802
2020.11.03,1.16505,1.166,1.1647399999999999,1.16551,6054
2020.11.03,1.16346,1.16515,1.16194,1.16503,3746
2020.11.02,1.16282,1.1641299999999999,1.1623,1.1640700000000002,7491
2020.11.02,1.16374,1.1641,1.16235,1.1628,18319
2020.11.02,1.1640700000000002,1.16561,1.16365,1.16375,18622
2020.11.02,1.16375,1.16495,1.16221,1.16405,22099
2020.11.02,1.1642299999999999,1.16475,1.1630200000000002,1.1637600000000001,6303
2020.11.02,1.1647,1.16489,1.16378,1.16421,6675
2020.10.30,1.1651,1.16516,1.16401,1.16439,10721
2020.10.30,1.1699700000000002,1.17032,1.16422,1.1651200000000002,31465
2020.10.30,1.1669100000000001,1.1704700000000001,1.16649,1.16998,25014
2020.10.30,1.1682,1.16848,1.16604,1.1669,20180
2020.10.30,1.16747,1.1694799999999999,1.16727,1.16818,7222
2020.10.30,1.16737,1.16792,1.1668399999999999,1.16745,4308
2020.10.29,1.16608,1.16788,1.16505,1.1672,10754
2020.10.29,1.17044,1.1715,1.16551,1.16609,41282
2020.10.29,1.17292,1.1739,1.16953,1.1704700000000001,25809
2020.10.29,1.17531,1.17577,1.17249,1.17295,17958
2020.10.29,1.17518,1.1759,1.17444,1.1753,6596
2020.10.29,1.17462,1.17567,1.17415,1.17517,3742
2020.10.28,1.17514,1.1758600000000001,1.1745,1.17462,11710
2020.10.28,1.1727,1.17608,1.17206,1.17516,32314
2020.10.28,1.1765,1.1765299999999999,1.1718,1.1727100000000001,25931
2020.10.28,1.1779600000000001,1.17855,1.17501,1.17652,17946
2020.10.28,1.17794,1.17882,1.17747,1.1779700000000002,5966
2020.10.28,1.17949,1.17949,1.17695,1.17793,6849
2020.10.27,1.18296,1.18308,1.17923,1.17956,8207
2020.10.27,1.18274,1.18391,1.18202,1.18295,19593
2020.10.27,1.1809399999999999,1.18337,1.18011,1.18275,17272
2020.10.27,1.18249,1.1836200000000001,1.17966,1.18096,14959
2020.10.27,1.18211,1.18254,1.18157,1.18248,5046
2020.10.27,1.1809399999999999,1.18213,1.1806299999999998,1.18211,3100
2020.10.26,1.1824299999999999,1.18267,1.18065,1.1809399999999999,9294
2020.10.26,1.18137,1.1825299999999999,1.1808,1.18244,22522
2020.10.26,1.18182,1.18282,1.18036,1.18137,19085
2020.10.26,1.1833200000000001,1.18478,1.18133,1.18185,16953
2020.10.26,1.18448,1.18496,1.18326,1.18333,6352
2020.10.26,1.18488,1.1858600000000001,1.1839600000000001,1.1844700000000001,4988
2020.10.23,1.1843700000000001,1.18652,1.18425,1.1857,6826
2020.10.23,1.1853200000000002,1.18551,1.18256,1.18436,19952
2020.10.23,1.18387,1.18604,1.18346,1.18534,18571
2020.10.23,1.18022,1.1847,1.17918,1.1838899999999999,19329
2020.10.23,1.1799899999999999,1.18049,1.1795200000000001,1.18023,7443
2020.10.23,1.1818799999999998,1.1823700000000001,1.1787,1.18001,6155
2020.10.22,1.18225,1.18265,1.18161,1.1818799999999998,7060
2020.10.22,1.18265,1.1837,1.18159,1.18224,23380
2020.10.22,1.1844700000000001,1.18459,1.18116,1.18264,21316
2020.10.22,1.18451,1.18672,1.18403,1.18446,18222
2020.10.22,1.1846,1.18513,1.1838600000000001,1.18452,6565
2020.10.22,1.1854799999999999,1.1865,1.18426,1.18462,5008
2020.10.21,1.18737,1.18773,1.18544,1.18595,9895
2020.10.21,1.18632,1.18811,1.18444,1.1873799999999999,26849
2020.10.21,1.18509,1.18665,1.18418,1.18631,22400
2020.10.21,1.1848100000000001,1.18705,1.1843,1.1851,21946
2020.10.21,1.18336,1.185,1.18305,1.18478,7787
2020.10.21,1.1821700000000002,1.18353,1.18208,1.1833799999999999,4026
2020.10.20,1.18269,1.18366,1.18195,1.18219,9363
2020.10.20,1.18092,1.18411,1.18078,1.18268,22033
2020.10.20,1.17821,1.18182,1.17813,1.1809100000000001,19320
2020.10.20,1.17772,1.1793799999999999,1.17602,1.1782299999999999,16245
2020.10.20,1.17754,1.17783,1.1764299999999999,1.17774,5837
2020.10.20,1.17654,1.17764,1.17648,1.1775200000000001,2548
2020.10.19,1.1782299999999999,1.1785700000000001,1.17648,1.17706,9962
2020.10.19,1.17777,1.17941,1.1773,1.17822,20513
2020.10.19,1.17381,1.1789100000000001,1.1737600000000001,1.1777799999999998,18472
2020.10.19,1.17058,1.17422,1.17036,1.17379,16105
2020.10.19,1.17241,1.17252,1.17044,1.17059,6264
2020.10.19,1.17173,1.17239,1.17116,1.17239,3613
2020.10.16,1.17192,1.17231,1.1712,1.1713,7289
2020.10.16,1.1733,1.1739899999999999,1.1713799999999999,1.17193,21385
2020.10.16,1.17046,1.17464,1.17028,1.17329,23433
2020.10.16,1.17031,1.17205,1.16943,1.17048,16689
2020.10.16,1.17123,1.1715799999999998,1.1702299999999999,1.1703,6133
2020.10.16,1.17072,1.1712799999999999,1.1700700000000002,1.17124,3454
2020.10.15,1.1697600000000001,1.17105,1.16929,1.17072,8453
2020.10.15,1.16993,1.17074,1.16887,1.1697600000000001,27130
2020.10.15,1.17069,1.17256,1.16925,1.16994,22191
2020.10.15,1.17525,1.17582,1.1703299999999999,1.1707,20412
2020.10.15,1.1748299999999998,1.17561,1.1743299999999999,1.17526,7034
2020.10.15,1.17456,1.17517,1.17411,1.17482,3709
2020.10.14,1.17518,1.1757600000000001,1.1744299999999999,1.17456,8623
2020.10.14,1.17618,1.1771200000000002,1.17458,1.17518,20605
2020.10.14,1.17405,1.17695,1.1719,1.1761700000000002,23151
2020.10.14,1.17431,1.1754,1.17287,1.1740700000000002,16250
2020.10.14,1.17458,1.1747299999999998,1.17354,1.17429,4335
2020.10.14,1.17454,1.1751,1.17383,1.1745700000000001,1769
2020.10.13,1.17347,1.17498,1.1731200000000002,1.17454,8278
2020.10.13,1.1791399999999999,1.17915,1.17297,1.1734799999999999,27943
2020.10.13,1.1793799999999999,1.1799,1.17836,1.1791200000000002,17536
2020.10.13,1.17985,1.18035,1.17784,1.17937,18112
2020.10.13,1.18002,1.18058,1.17908,1.17987,5860
2020.10.13,1.1812200000000002,1.18156,1.17944,1.18003,3541
2020.10.12,1.18113,1.18153,1.1805,1.18106,6150
2020.10.12,1.18098,1.1817,1.18023,1.18111,16784
2020.10.12,1.18116,1.18141,1.17869,1.18099,15753
2020.10.12,1.1818600000000001,1.18272,1.18061,1.1811399999999999,16174
2020.10.12,1.18129,1.18221,1.18089,1.18187,5052
2020.10.12,1.18086,1.1822,1.18075,1.1813,3932
2020.10.09,1.18236,1.18313,1.18184,1.18242,8071
2020.10.09,1.1809399999999999,1.1828299999999998,1.1800899999999999,1.18236,24466
2020.10.09,1.18021,1.18103,1.17917,1.1809399999999999,19027
2020.10.09,1.17756,1.18044,1.1767,1.1802,16734
2020.10.09,1.17613,1.17811,1.17603,1.17753,5913
2020.10.09,1.17598,1.17676,1.17488,1.17611,2219
2020.10.08,1.1755,1.17618,1.17518,1.17598,7512
2020.10.08,1.17553,1.17583,1.17327,1.1755,23861
2020.10.08,1.1760899999999999,1.17693,1.17523,1.17556,18863
2020.10.08,1.17689,1.1782,1.17561,1.1761,17451
2020.10.08,1.1765299999999999,1.1772200000000002,1.17598,1.17688,5125
2020.10.08,1.17601,1.17706,1.17584,1.17654,2409
2020.10.07,1.17718,1.17755,1.176,1.17632,9493
2020.10.07,1.17787,1.17793,1.17581,1.1772,27094
2020.10.07,1.1758,1.17822,1.17497,1.17788,24742
2020.10.07,1.1733799999999999,1.17675,1.173,1.17582,20341
2020.10.07,1.17355,1.17355,1.17252,1.1734,5984
2020.10.07,1.17334,1.1740899999999999,1.17303,1.17357,3324
2020.10.06,1.17811,1.17906,1.17319,1.1733799999999999,26214
2020.10.06,1.1791399999999999,1.1803,1.17731,1.17813,27105
2020.10.06,1.17779,1.1808100000000001,1.17733,1.17917,22204
2020.10.06,1.17887,1.18004,1.17656,1.17779,21020
2020.10.06,1.1791200000000002,1.1798899999999999,1.1786299999999998,1.17888,5474
2020.10.06,1.1784700000000001,1.17933,1.17784,1.17911,2464
2020.10.05,1.17868,1.1788,1.17715,1.1784700000000001,8382
2020.10.05,1.17644,1.17979,1.1764299999999999,1.17869,24731
2020.10.05,1.17493,1.17697,1.17466,1.17642,19588
2020.10.05,1.17325,1.17501,1.17201,1.17492,19013
2020.10.05,1.1725700000000001,1.1736,1.17216,1.1732200000000002,4860
2020.10.05,1.1710399999999999,1.17292,1.1701700000000002,1.17255,4623
2020.10.02,1.1717799999999998,1.17218,1.17098,1.17162,11516
2020.10.02,1.17086,1.1725,1.16996,1.1717899999999999,35565
2020.10.02,1.17135,1.17339,1.1698600000000001,1.17087,31553
2020.10.02,1.17062,1.17418,1.16959,1.17141,36440
2020.10.02,1.17351,1.17373,1.1703299999999999,1.1706,6242
2020.10.02,1.17434,1.17479,1.1734,1.17349,2440
2020.10.01,1.1745,1.1751,1.1735200000000001,1.1746,12750
2020.10.01,1.17551,1.17594,1.17212,1.17452,41406
2020.10.01,1.1724700000000001,1.17699,1.1723700000000001,1.1755,34741
2020.10.01,1.17474,1.17579,1.17224,1.17248,27751
2020.10.01,1.1718600000000001,1.17486,1.1717899999999999,1.1747299999999998,5866
2020.10.01,1.1719600000000001,1.1732,1.17162,1.1718600000000001,2550
2020.09.30,1.17219,1.17286,1.17093,1.1719600000000001,17134
2020.09.30,1.1710200000000002,1.17519,1.16845,1.1721700000000002,40838
2020.09.30,1.17097,1.1719,1.16939,1.17101,25552
2020.09.30,1.17343,1.17431,1.17065,1.17099,23751
2020.09.30,1.17379,1.17553,1.17278,1.17345,6792
2020.09.30,1.1742700000000001,1.17486,1.17363,1.17365,2009
2020.09.29,1.17379,1.17458,1.1732200000000002,1.17429,9149
2020.09.29,1.1703700000000001,1.1744,1.16953,1.1738,29622
2020.09.29,1.16835,1.17146,1.16812,1.17035,25417
2020.09.29,1.16767,1.16866,1.1665299999999998,1.16836,21716
2020.09.29,1.16771,1.16791,1.1667299999999998,1.16765,3997
2020.09.29,1.1659899999999999,1.16839,1.16585,1.16769,2778
2020.09.28,1.16561,1.16717,1.1654,1.1659899999999999,9534
2020.09.28,1.16635,1.16804,1.16426,1.16562,27120
2020.09.28,1.16411,1.16782,1.1637899999999999,1.16634,24546
2020.09.28,1.16315,1.1646100000000001,1.16229,1.1641299999999999,19316
2020.09.28,1.16167,1.16403,1.16167,1.16314,4936
2020.09.28,1.16219,1.16382,1.16151,1.1616600000000001,3706
2020.09.25,1.1619700000000002,1.16357,1.1615799999999998,1.16285,9545
2020.09.25,1.16369,1.16398,1.16126,1.1619700000000002,30482
2020.09.25,1.1655799999999998,1.1656,1.16277,1.16371,29463
2020.09.25,1.16679,1.16855,1.1651799999999999,1.16559,23465
2020.09.25,1.1668100000000001,1.16746,1.16621,1.1668100000000001,6384
2020.09.25,1.16634,1.16774,1.16634,1.1668,3133
2020.09.24,1.16629,1.1687100000000001,1.16615,1.16634,17435
2020.09.24,1.16398,1.16695,1.1631200000000002,1.1662700000000001,39542
2020.09.24,1.1657,1.16601,1.16267,1.1639899999999999,23649
2020.09.24,1.1653,1.1674,1.1643299999999999,1.16572,24146
2020.09.24,1.16734,1.16802,1.1652799999999999,1.1652799999999999,8639
2020.09.24,1.16602,1.16736,1.16519,1.16733,4794
2020.09.23,1.16814,1.1685299999999998,1.16517,1.16602,16316
2020.09.23,1.16921,1.17048,1.16641,1.16816,35061
2020.09.23,1.17045,1.17193,1.1685299999999998,1.16914,26353
2020.09.23,1.1678600000000001,1.17054,1.16721,1.17046,28224
2020.09.23,1.1681,1.16924,1.16749,1.1678600000000001,9954
2020.09.23,1.17044,1.17109,1.16781,1.16808,5399
2020.09.22,1.17041,1.17169,1.17024,1.17076,11933
2020.09.22,1.17509,1.17608,1.1691799999999999,1.1704299999999999,42888
2020.09.22,1.17452,1.17676,1.17335,1.17509,30284
2020.09.22,1.17693,1.17693,1.17203,1.1745,30364
2020.09.22,1.17686,1.17718,1.1752799999999999,1.1769100000000001,7962
2020.09.22,1.17705,1.1771200000000002,1.17559,1.1768399999999999,4072
2020.09.21,1.1740899999999999,1.1775200000000001,1.17367,1.17705,15768
2020.09.21,1.17703,1.17805,1.17318,1.1741,40654
2020.09.21,1.18015,1.18015,1.17632,1.1770200000000002,29494
2020.09.21,1.1866700000000001,1.18703,1.17915,1.1801700000000002,28095
2020.09.21,1.18597,1.1872200000000002,1.18545,1.18669,6037
2020.09.21,1.18382,1.18611,1.18364,1.1859600000000001,3428
2020.09.18,1.18649,1.18677,1.1836200000000001,1.18385,12406
2020.09.18,1.18448,1.18705,1.1826299999999998,1.18658,29318
2020.09.18,1.18594,1.18642,1.18308,1.18446,22670
2020.09.18,1.18488,1.1869299999999998,1.18402,1.18594,18083
2020.09.18,1.18539,1.18615,1.18435,1.1849,6049
2020.09.18,1.18478,1.18622,1.1840600000000001,1.18541,3383
2020.09.17,1.18223,1.18527,1.18215,1.18478,13616
2020.09.17,1.18084,1.1828,1.17939,1.18224,35767
2020.09.17,1.1803700000000001,1.1813,1.1783299999999999,1.18085,31138
2020.09.17,1.17592,1.18125,1.17557,1.18039,30747
2020.09.17,1.1777600000000001,1.1791,1.17371,1.17591,12519
2020.09.17,1.18165,1.18195,1.1769,1.17775,5023
2020.09.16,1.18334,1.18547,1.17877,1.18165,41563
2020.09.16,1.18581,1.18692,1.18092,1.18335,32846
2020.09.16,1.18658,1.18826,1.18461,1.18582,23187
2020.09.16,1.18478,1.1873,1.18415,1.1866,15453
2020.09.16,1.18346,1.1849299999999998,1.1829,1.1848,5832
2020.09.16,1.1847,1.18507,1.1829100000000001,1.1834799999999999,2964
2020.09.15,1.1853,1.18553,1.1845,1.18469,9417
2020.09.15,1.18753,1.1882,1.1839600000000001,1.18531,26676
2020.09.15,1.18814,1.19008,1.18687,1.1875200000000001,23817
2020.09.15,1.18941,1.19001,1.1876200000000001,1.18816,18577
2020.09.15,1.1869100000000001,1.18951,1.18644,1.1894,7048
2020.09.15,1.186,1.18705,1.1859,1.18689,2357
2020.09.14,1.18671,1.18706,1.18597,1.18634,8895
2020.09.14,1.18781,1.18882,1.1864700000000001,1.18672,24626
2020.09.14,1.18566,1.18844,1.18496,1.1878,20637
2020.09.14,1.18477,1.1869100000000001,1.18429,1.18569,16576
2020.09.14,1.1835,1.1851399999999999,1.1834200000000001,1.1847299999999998,3876
2020.09.14,1.1835799999999999,1.18477,1.18321,1.1834799999999999,2662
2020.09.11,1.1837600000000001,1.18485,1.18266,1.18459,13632
2020.09.11,1.18469,1.18579,1.1828100000000001,1.18377,28343
2020.09.11,1.1857,1.18745,1.1835,1.1846700000000001,23674
2020.09.11,1.1835799999999999,1.18603,1.18287,1.18569,21898
2020.09.11,1.1835200000000001,1.18405,1.18305,1.18357,5861
2020.09.11,1.1814200000000001,1.18369,1.18109,1.1835,3525
2020.09.10,1.18577,1.18644,1.1810100000000001,1.1814200000000001,24324
2020.09.10,1.1888,1.19174,1.1848100000000001,1.18579,50829
2020.09.10,1.18346,1.19029,1.18292,1.18879,40452
2020.09.10,1.18193,1.18404,1.18163,1.18347,19500
2020.09.10,1.18105,1.18248,1.1807299999999998,1.18195,5223
2020.09.10,1.17982,1.1815,1.17956,1.18103,3335
2020.09.09,1.18036,1.18113,1.17992,1.18022,11150
2020.09.09,1.1798600000000001,1.1834200000000001,1.17919,1.1803700000000001,40395
2020.09.09,1.1763700000000001,1.18192,1.17527,1.1798799999999998,30808
2020.09.09,1.1778899999999999,1.17879,1.1761,1.17636,25958
