0,2,3,4
2021.12.10,1.12946,1.1294799999999998,5561
2021.12.10,1.12803,1.1282,12770
2021.12.10,1.12868,1.12968,4594
2021.12.10,1.12649,1.12736,9368
2021.12.09,1.13324,1.13341,6885
2021.12.09,1.13265,1.13266,5003
2021.12.09,1.13153,1.13188,13827
2021.12.09,1.13068,1.13164,17451
2021.12.09,1.12782,1.12898,17912
2021.12.09,1.12821,1.12917,7814
2021.12.08,1.13404,1.13411,10588
2021.12.08,1.13001,1.13483,22656
2021.12.08,1.12665,1.13161,29904
2021.12.08,1.1279,1.12935,6045
2021.12.08,1.12783,1.12849,13989
2021.12.08,1.12614,1.12789,4733
2021.12.07,1.12532,1.12742,16480
2021.12.07,1.12807,1.1287,6552
2021.12.07,1.12756,1.12817,4959
2021.12.07,1.12274,1.124,19555
2021.12.07,1.12416,1.1263,8889
2021.12.07,1.12351,1.12438,19232
2021.12.06,1.12881,1.12941,9369
2021.12.06,1.12848,1.12969,15066
2021.12.06,1.12663,1.12786,20607
2021.12.06,1.12746,1.12972,14995
2021.12.06,1.12816,1.12818,6211
2021.12.06,1.12724,1.1284,7281
2021.12.03,1.12878,1.13099,29382
2021.12.03,1.13001,1.13079,14107
2021.12.03,1.12665,1.13107,44291
2021.12.03,1.12905,1.12985,6278
2021.12.03,1.12925,1.12991,7045
2021.12.03,1.12814,1.12973,15508
2021.12.02,1.13226,1.13339,22341
2021.12.02,1.12956,1.1302299999999998,29128
2021.12.02,1.13164,1.1318,6846
2021.12.02,1.13124,1.13279,6021
2021.12.02,1.13069,1.13242,17559
2021.12.02,1.12951,1.12999,9501
2021.12.01,1.13024,1.13253,28201
2021.12.01,1.13151,1.13234,32084
2021.12.01,1.1318,1.13201,9470
2021.12.01,1.13105,1.13372,21591
2021.12.01,1.13162,1.13368,7770
2021.12.01,1.13081,1.13178,14685
2021.11.30,1.12348,1.1311,64016
2021.11.30,1.1341,1.13659,20622
2021.11.30,1.13074,1.1363299999999998,29236
2021.11.30,1.13073,1.13336,17694
2021.11.30,1.12925,1.13112,11258
2021.11.30,1.12826,1.12939,6242
2021.11.29,1.12805,1.1284,13013
2021.11.29,1.12616,1.12622,18406
2021.11.29,1.12654,1.12897,8514
2021.11.29,1.126,1.12859,23345
2021.11.29,1.12725,1.12779,10003
2021.11.29,1.12582,1.12679,22870
2021.11.26,1.12985,1.13134,14577
2021.11.26,1.12825,1.13034,31672
2021.11.26,1.1258,1.12929,27175
2021.11.26,1.12206,1.12645,34184
2021.11.26,1.12121,1.12238,9818
2021.11.26,1.12038,1.12176,9634
2021.11.25,1.12149,1.12186,10273
2021.11.25,1.12119,1.1223,9613
2021.11.25,1.1206,1.12093,8280
2021.11.25,1.12063,1.12124,3417
2021.11.25,1.1204,1.12055,14050
2021.11.25,1.11909,1.12071,3677
2021.11.24,1.1205,1.12077,18642
2021.11.24,1.12388,1.12393,6514
2021.11.24,1.12324,1.12392,7986
2021.11.24,1.1192,1.12068,22328
2021.11.24,1.1186,1.11955,30503
2021.11.24,1.11882,1.11934,9141
2021.11.23,1.1232,1.1259,25812
2021.11.23,1.12399,1.1254,22874
2021.11.23,1.1234,1.1251799999999998,21734
2021.11.23,1.12453,1.12453,8224
2021.11.23,1.12299,1.12373,3999
2021.11.23,1.12258,1.1234,5677
2021.11.22,1.12647,1.12726,9598
2021.11.22,1.12651,1.12799,17576
2021.11.22,1.12599,1.12801,20249
2021.11.22,1.12359,1.12483,29655
2021.11.22,1.12649,1.12775,9116
2021.11.22,1.12305,1.12354,8845
2021.11.19,1.13559,1.13564,5356
2021.11.19,1.12827,1.1299,22789
2021.11.19,1.13517,1.13526,4859
2021.11.19,1.12873,1.12981,31067
2021.11.19,1.12498,1.12876,29103
2021.11.19,1.12819,1.1282,11554
2021.11.18,1.13667,1.13676,8094
2021.11.18,1.13267,1.13697,23469
2021.11.18,1.13276,1.13345,16636
2021.11.18,1.13137,1.13316,14711
2021.11.18,1.13157,1.13179,8618
2021.11.18,1.13153,1.13241,6518
2021.11.17,1.12976,1.1298700000000002,16601
2021.11.17,1.13097,1.13228,6888
2021.11.17,1.1293,1.13188,22216
2021.11.17,1.13108,1.1318,10928
2021.11.17,1.12635,1.12989,14919
2021.11.17,1.12954,1.13122,18971
2021.11.16,1.13754,1.1377,6927
2021.11.16,1.13576,1.13608,15118
2021.11.16,1.13593,1.13788,6984
2021.11.16,1.13512,1.13618,19776
2021.11.16,1.13192,1.13273,26887
2021.11.16,1.1308,1.13189,12033
2021.11.15,1.14549,1.14599,5138
2021.11.15,1.14365,1.14483,12822
2021.11.15,1.1441,1.14596,4349
2021.11.15,1.14391,1.14456,14398
2021.11.15,1.138,1.13855,22553
2021.11.15,1.13552,1.13665,10367
2021.11.12,1.14328,1.1449,20743
2021.11.12,1.14372,1.14423,13106
2021.11.12,1.1437,1.14457,13766
2021.11.12,1.1435799999999998,1.14385,5903
2021.11.12,1.14404,1.14423,6067
2021.11.12,1.14361,1.14436,5444
2021.11.11,1.14725,1.14792,6320
2021.11.11,1.1453799999999998,1.14629,14097
2021.11.11,1.14645,1.14791,5588
2021.11.11,1.145,1.14511,13032
2021.11.11,1.14539,1.14596,16785
2021.11.11,1.14428,1.14493,5730
2021.11.10,1.1588,1.15913,5205
2021.11.10,1.1576799999999998,1.15773,5559
2021.11.10,1.15576,1.15775,15123
2021.11.10,1.15328,1.15532,21786
2021.11.10,1.15054,1.15121,33644
2021.11.10,1.14749,1.14772,20118
2021.11.09,1.15712,1.15913,23909
2021.11.09,1.15801,1.15936,13636
2021.11.09,1.15794,1.15994,7735
2021.11.09,1.15696,1.1596,15498
2021.11.09,1.1587,1.15919,8411
2021.11.09,1.1577,1.15801,4945
2021.11.08,1.15639,1.15858,16769
2021.11.08,1.15824,1.15856,7766
2021.11.08,1.15551,1.15683,13294
2021.11.08,1.15504,1.1561,14294
2021.11.08,1.15539,1.15547,8309
2021.11.08,1.15531,1.15598,5422
2021.11.05,1.1548200000000002,1.15658,9595
2021.11.05,1.15132,1.15632,27358
2021.11.05,1.15471,1.15491,11709
2021.11.05,1.15408,1.15574,7509
2021.11.05,1.15469,1.15511,5977
2021.11.05,1.15133,1.15144,23393
2021.11.04,1.1605299999999998,1.16123,3753
2021.11.04,1.15905,1.15905,5508
2021.11.04,1.15488,1.15527,13686
2021.11.04,1.1528200000000002,1.15437,25357
2021.11.04,1.15424,1.15621,20590
2021.11.04,1.15427,1.15529,8958
2021.11.03,1.15718,1.16104,43137
2021.11.03,1.15772,1.15835,15168
2021.11.03,1.15783,1.15855,7987
2021.11.03,1.15772,1.15833,4065
2021.11.03,1.15622,1.15825,18827
2021.11.03,1.1574799999999998,1.1579700000000002,2025
2021.11.02,1.1587,1.15884,14841
2021.11.02,1.15949,1.16037,7015
2021.11.02,1.15858,1.1607,16405
2021.11.02,1.1575,1.15778,19322
2021.11.02,1.15952,1.1596799999999998,5714
2021.11.02,1.15769,1.15783,6541
2021.11.01,1.1588200000000002,1.16048,7962
2021.11.01,1.1565299999999998,1.15917,18628
2021.11.01,1.15615,1.15774,14690
2021.11.01,1.15469,1.1572,15564
2021.11.01,1.15513,1.1555,5327
2021.11.01,1.15458,1.15513,6594
2021.10.29,1.16765,1.16842,6247
2021.10.29,1.16637,1.16641,6723
2021.10.29,1.16489,1.16505,15387
2021.10.29,1.1621,1.16255,19602
2021.10.29,1.15349,1.15382,31700
2021.10.29,1.15377,1.15613,8550
2021.10.28,1.16243,1.16782,35748
2021.10.28,1.1671,1.16786,10217
2021.10.28,1.15821,1.16297,28187
2021.10.28,1.15831,1.15898,15912
2021.10.28,1.15891,1.16065,8256
2021.10.28,1.15899,1.15925,3836
2021.10.27,1.15847,1.16179,18062
2021.10.27,1.15879,1.16086,25126
2021.10.27,1.15986,1.1602,9461
2021.10.27,1.15919,1.15947,14256
2021.10.27,1.15975,1.16032,5124
2021.10.27,1.1584,1.16022,6832
2021.10.26,1.16054,1.16176,14929
2021.10.26,1.15847,1.15867,15402
2021.10.26,1.15939,1.16084,12794
2021.10.26,1.15989,1.16039,2927
2021.10.26,1.15966,1.16042,6144
2021.10.26,1.15865,1.15947,4824
2021.10.25,1.16392,1.16598,8015
2021.10.25,1.16409,1.16498,14779
2021.10.25,1.15904,1.15946,17548
2021.10.25,1.16351,1.16455,5153
2021.10.25,1.16052,1.16052,4393
2021.10.25,1.15934,1.16054,15358
2021.10.22,1.16217,1.1632,23991
2021.10.22,1.16231,1.1641,13691
2021.10.22,1.16244,1.1637,12818
2021.10.22,1.1624,1.16429,6744
2021.10.22,1.16246,1.16258,6574
2021.10.22,1.16211,1.16256,3829
2021.10.21,1.16504,1.16514,8010
2021.10.21,1.16427,1.16565,3337
2021.10.21,1.16339,1.16418,12478
2021.10.21,1.16339,1.1635799999999998,16166
2021.10.21,1.1631,1.16431,13958
2021.10.21,1.16185,1.16218,7860
2021.10.20,1.16468,1.16486,8262
2021.10.20,1.1635799999999998,1.1656,15106
2021.10.20,1.16167,1.16258,12414
2021.10.20,1.16326,1.16507,6667
2021.10.20,1.1621,1.16385,11742
2021.10.20,1.16276,1.16347,4738
2021.10.19,1.16454,1.16456,14399
2021.10.19,1.16447,1.166,14490
2021.10.19,1.16294,1.1635799999999998,14528
2021.10.19,1.1624,1.1645299999999998,9027
2021.10.19,1.1630200000000002,1.16319,5782
2021.10.19,1.16077,1.16248,4100
2021.10.18,1.16081,1.1609,6433
2021.10.18,1.15922,1.16216,16119
2021.10.18,1.15762,1.16013,17143
2021.10.18,1.15828,1.1584,6015
2021.10.18,1.15716,1.15806,13401
2021.10.18,1.15776,1.15786,7319
2021.10.15,1.15992,1.1603,14419
2021.10.15,1.15885,1.15918,16473
2021.10.15,1.15934,1.16078,6643
2021.10.15,1.15889,1.15949,18796
2021.10.15,1.15929,1.15974,5807
2021.10.15,1.15879,1.15937,3800
2021.10.14,1.15976,1.16062,15065
2021.10.14,1.15874,1.1616,13635
2021.10.14,1.15839,1.1588,15267
2021.10.14,1.1584299999999998,1.15955,5956
2021.10.14,1.1589200000000002,1.1598700000000002,3518
2021.10.14,1.15886,1.15897,5305
2021.10.13,1.15777,1.1590200000000002,11177
2021.10.13,1.154,1.15777,22875
2021.10.13,1.1536,1.15426,19249
2021.10.13,1.1545299999999998,1.15562,13090
2021.10.13,1.15406,1.15523,5998
2021.10.13,1.15268,1.1541,4081
2021.10.12,1.15552,1.15617,13031
2021.10.12,1.1533,1.15414,14639
2021.10.12,1.15475,1.15561,5805
2021.10.12,1.15469,1.15491,4094
2021.10.12,1.15249,1.15281,19431
2021.10.12,1.15242,1.15291,7123
2021.10.11,1.1564,1.15697,14459
2021.10.11,1.15609,1.15633,10563
2021.10.11,1.1568,1.15723,5735
2021.10.11,1.15635,1.15744,4673
2021.10.11,1.15521,1.15611,12284
2021.10.11,1.1548,1.15499,5219
2021.10.08,1.15531,1.15706,21848
2021.10.08,1.15555,1.15642,23370
2021.10.08,1.15595,1.15734,6188
2021.10.08,1.15497,1.15582,3998
2021.10.08,1.15472,1.1548,6571
2021.10.08,1.15412,1.15534,12555
2021.10.07,1.1550200000000002,1.1555799999999998,13345
2021.10.07,1.15488,1.15599,13876
2021.10.07,1.15472,1.15553,17285
2021.10.07,1.1549200000000002,1.1550200000000002,6772
2021.10.07,1.15519,1.15582,3654
2021.10.07,1.15511,1.15553,4865
2021.10.06,1.15917,1.15935,4134
2021.10.06,1.15829,1.15846,8161
2021.10.06,1.15508,1.15518,18988
2021.10.06,1.15431,1.15541,11078
2021.10.06,1.1532,1.1543,21168
2021.10.06,1.15289,1.15449,22728
2021.10.05,1.16103,1.16113,3931
2021.10.05,1.15943,1.15946,6884
2021.10.05,1.15803,1.1605,22339
2021.10.05,1.15933,1.15963,6353
2021.10.05,1.159,1.15999,13187
2021.10.05,1.15898,1.15986,14372
2021.10.04,1.16078,1.16323,14197
2021.10.04,1.16149,1.16188,20723
2021.10.04,1.1616,1.16188,7973
2021.10.04,1.15955,1.16122,15465
2021.10.04,1.1590200000000002,1.16026,5853
2021.10.04,1.15875,1.15956,7382
2021.10.01,1.15835,1.1596799999999998,29818
2021.10.01,1.15722,1.16035,19103
2021.10.01,1.1590200000000002,1.15922,6595
2021.10.01,1.15743,1.15783,18662
2021.10.01,1.15627,1.15803,9100
2021.10.01,1.15649,1.15649,4596
2021.09.30,1.15913,1.16039,17323
2021.09.30,1.1601,1.16078,5357
2021.09.30,1.15677,1.15906,20119
2021.09.30,1.1594,1.16034,3336
2021.09.30,1.15624,1.15706,34291
2021.09.30,1.15628,1.15761,13393
2021.09.29,1.1677799999999998,1.16864,7654
2021.09.29,1.16562,1.16635,21127
2021.09.29,1.16791,1.16811,3740
2021.09.29,1.16399,1.16456,20394
2021.09.29,1.16005,1.16012,24122
2021.09.29,1.1589200000000002,1.15964,9035
2021.09.28,1.16719,1.16803,16122
2021.09.28,1.1668,1.1681700000000002,32133
2021.09.28,1.16849,1.16987,4912
2021.09.28,1.16858,1.16886,2247
2021.09.28,1.16725,1.16804,21838
2021.09.28,1.16752,1.16821,11288
2021.09.27,1.17165,1.17222,5038
2021.09.27,1.17088,1.1717,4636
2021.09.27,1.16843,1.1689200000000002,15589
2021.09.27,1.16889,1.17071,20497
2021.09.27,1.16905,1.17019,19334
2021.09.27,1.16932,1.16947,5753
2021.09.24,1.17347,1.17458,3596
2021.09.24,1.17357,1.17369,4798
2021.09.24,1.17307,1.1735799999999998,12113
2021.09.24,1.17064,1.17064,13259
2021.09.24,1.17005,1.1716,17609
2021.09.24,1.17129,1.17199,5135
2021.09.23,1.17213,1.17438,20610
2021.09.23,1.17346,1.17375,7106
2021.09.23,1.1711,1.17289,22219
2021.09.23,1.17059,1.1720700000000002,16990
2021.09.23,1.16862,1.17094,5560
2021.09.23,1.16833,1.16887,3429
2021.09.22,1.16842,1.16866,49676
2021.09.22,1.1724,1.17351,15630
2021.09.22,1.17166,1.1734,12226
2021.09.22,1.17242,1.17293,10725
2021.09.22,1.17165,1.1721700000000002,7015
2021.09.22,1.1716799999999998,1.17194,2846
2021.09.21,1.17297,1.17394,14690
2021.09.21,1.17147,1.1728299999999998,19616
2021.09.21,1.17231,1.17315,5895
2021.09.21,1.17181,1.1734,13252
2021.09.21,1.17184,1.1720700000000002,8738
2021.09.21,1.17222,1.17255,3843
2021.09.20,1.17113,1.17222,19253
2021.09.20,1.1722,1.17245,7580
2021.09.20,1.17226,1.17234,2730
2021.09.20,1.17096,1.17149,5186
2021.09.20,1.1705,1.17094,13130
2021.09.20,1.17,1.17142,16005
2021.09.17,1.17724,1.17735,15701
2021.09.17,1.17676,1.1777,12455
2021.09.17,1.17246,1.17254,21273
2021.09.17,1.17585,1.1773,6154
2021.09.17,1.1759,1.17596,3776
2021.09.17,1.17236,1.17247,6375
2021.09.16,1.18141,1.1818799999999998,2924
2021.09.16,1.18091,1.18095,4929
2021.09.16,1.17719,1.17724,15738
2021.09.16,1.17518,1.17547,19669
2021.09.16,1.17531,1.17612,8206
2021.09.16,1.1750200000000002,1.17594,15382
2021.09.15,1.18071,1.18113,16241
2021.09.15,1.1799,1.1826,13727
2021.09.15,1.18031,1.18037,18847
2021.09.15,1.18034,1.18153,5754
2021.09.15,1.18035,1.1805,6600
2021.09.15,1.18004,1.18052,4804
2021.09.14,1.18155,1.18218,19655
2021.09.14,1.17999,1.18412,19391
2021.09.14,1.18064,1.18209,13089
2021.09.14,1.18,1.1801700000000002,8017
2021.09.14,1.1806,1.1813,6177
2021.09.14,1.18053,1.18084,2680
2021.09.13,1.17824,1.18071,17962
2021.09.13,1.18044,1.1805,3469
2021.09.13,1.18012,1.18094,6349
2021.09.13,1.17936,1.17955,5515
2021.09.13,1.17744,1.17893,13335
2021.09.13,1.177,1.17823,12596
2021.09.10,1.18244,1.18476,10957
2021.09.10,1.18259,1.18267,12588
2021.09.10,1.18155,1.18184,16663
2021.09.10,1.18186,1.18297,5938
2021.09.10,1.18224,1.1824,2783
2021.09.10,1.18082,1.18098,6755
2021.09.09,1.1808,1.18231,20400
2021.09.09,1.18209,1.18244,7833
2021.09.09,1.18113,1.18337,12645
2021.09.09,1.1805,1.18313,20821
2021.09.09,1.1811200000000002,1.1814,5707
2021.09.09,1.18115,1.1814,2712
2021.09.08,1.18404,1.18434,4870
2021.09.08,1.18361,1.18478,2936
2021.09.08,1.1816,1.18213,15033
2021.09.08,1.18113,1.18142,7813
2021.09.08,1.18119,1.1821,13676
2021.09.08,1.18019,1.18185,20929
2021.09.07,1.18748,1.18752,5670
2021.09.07,1.18594,1.1876,13895
2021.09.07,1.1865,1.18792,3605
2021.09.07,1.18492,1.18504,16741
2021.09.07,1.18372,1.18453,16735
2021.09.07,1.18373,1.1837799999999998,6249
2021.09.06,1.18759,1.18784,3721
2021.09.06,1.18647,1.18691,4917
2021.09.06,1.18601,1.18639,8087
2021.09.06,1.1867299999999998,1.18686,6228
2021.09.06,1.18575,1.1871,6796
2021.09.06,1.18556,1.1866,7639
2021.09.03,1.18656,1.1891,23249
2021.09.03,1.18715,1.1889299999999998,22356
2021.09.03,1.18739,1.18765,5845
2021.09.03,1.1876,1.18761,6009
2021.09.03,1.18711,1.18745,9826
2021.09.03,1.18691,1.18818,2632
2021.09.02,1.18642,1.18738,5584
2021.09.02,1.18462,1.18649,13863
2021.09.02,1.18362,1.1847,11728
2021.09.02,1.18342,1.18453,10020
2021.09.02,1.1836799999999998,1.18447,3244
2021.09.02,1.18345,1.18345,4638
2021.09.01,1.18329,1.18478,15907
2021.09.01,1.18369,1.18385,5986
2021.09.01,1.18114,1.18375,13986
2021.09.01,1.17934,1.18137,14184
2021.09.01,1.18011,1.1802700000000002,3212
2021.09.01,1.17985,1.17993,6126
2021.08.31,1.18197,1.18366,15823
2021.08.31,1.17964,1.18068,25637
2021.08.31,1.18171,1.18201,11438
2021.08.31,1.17976,1.18171,6870
2021.08.31,1.18031,1.18077,8028
2021.08.31,1.17938,1.18019,3295
2021.08.30,1.18024,1.18035,5820
2021.08.30,1.17894,1.18045,3447
2021.08.30,1.17934,1.17985,8910
2021.08.30,1.17952,1.17954,4595
2021.08.30,1.17826,1.17973,11533
2021.08.30,1.17836,1.17862,8954
2021.08.27,1.17348,1.18004,36811
2021.08.27,1.1792,1.1795,6414
2021.08.27,1.1750200000000002,1.17508,10413
2021.08.27,1.17497,1.17559,10615
2021.08.27,1.17433,1.17632,5331
2021.08.27,1.17419,1.17451,4338
2021.08.26,1.17516,1.17556,13398
2021.08.26,1.17562,1.17588,11797
2021.08.26,1.17662,1.17668,2767
2021.08.26,1.1761,1.1764,4311
2021.08.26,1.17457,1.17523,18073
2021.08.26,1.17489,1.17506,6672
2021.08.25,1.17532,1.17705,7004
2021.08.25,1.17299,1.17601,15197
2021.08.25,1.1732200000000002,1.1751,11503
2021.08.25,1.174,1.17414,3307
2021.08.25,1.17259,1.17323,11259
2021.08.25,1.17331,1.17404,5010
2021.08.24,1.1735,1.17472,14613
2021.08.24,1.17425,1.1750200000000002,4314
2021.08.24,1.17276,1.17504,10113
2021.08.24,1.17384,1.1739,2300
2021.08.24,1.1727,1.1728299999999998,11932
2021.08.24,1.1734,1.1741,3356
2021.08.23,1.17382,1.17444,5301
2021.08.23,1.17238,1.17391,15238
2021.08.23,1.1715,1.1732,10945
2021.08.23,1.17061,1.17307,12957
2021.08.23,1.16986,1.17188,6660
2021.08.23,1.16889,1.1699,3767
2021.08.20,1.16637,1.17031,16274
2021.08.20,1.16919,1.16986,5054
2021.08.20,1.16706,1.16739,12986
2021.08.20,1.16757,1.16859,5551
2021.08.20,1.16735,1.16821,2587
2021.08.20,1.16648,1.16682,10374
2021.08.19,1.16839,1.16872,5538
2021.08.19,1.168,1.16985,13843
2021.08.19,1.16786,1.16881,17464
2021.08.19,1.16685,1.16867,18240
2021.08.19,1.16656,1.16767,9167
2021.08.19,1.16723,1.16743,8144
2021.08.18,1.16977,1.17097,18413
2021.08.18,1.17125,1.17201,9344
2021.08.18,1.17057,1.17174,10536
2021.08.18,1.171,1.17181,6547
2021.08.18,1.16935,1.1699,13959
2021.08.18,1.1701700000000002,1.1712,3300
2021.08.17,1.176,1.17771,13896
2021.08.17,1.17721,1.17737,2465
2021.08.17,1.1741,1.17438,14904
2021.08.17,1.17666,1.1768299999999998,5770
2021.08.17,1.17084,1.17085,17667
2021.08.17,1.17069,1.17078,6868
2021.08.16,1.17898,1.17935,4230
2021.08.16,1.17916,1.17954,3123
2021.08.16,1.17785,1.17869,9411
2021.08.16,1.1772200000000002,1.1775,12925
2021.08.16,1.17672,1.17772,10991
2021.08.16,1.17742,1.1777,3840
2021.08.13,1.17637,1.17999,14503
2021.08.13,1.17921,1.1795,5929
2021.08.13,1.17403,1.17657,8914
2021.08.13,1.173,1.17422,7132
2021.08.13,1.17343,1.17389,3456
2021.08.13,1.1728299999999998,1.1736,3094
2021.08.12,1.17325,1.17466,9288
2021.08.12,1.17269,1.17398,9979
2021.08.12,1.17344,1.1739700000000002,4514
2021.08.12,1.17362,1.174,2606
2021.08.12,1.17282,1.17286,4899
2021.08.12,1.17235,1.17381,10604
2021.08.11,1.1737,1.17374,6919
2021.08.11,1.17083,1.17366,17310
2021.08.11,1.17256,1.17482,15632
2021.08.11,1.17117,1.17179,3957
2021.08.11,1.17127,1.17127,2510
2021.08.11,1.17058,1.17123,10054
2021.08.10,1.17258,1.1732,11356
2021.08.10,1.17319,1.17381,5412
2021.08.10,1.17321,1.17374,3012
2021.08.10,1.17159,1.1716,11648
2021.08.10,1.17094,1.17156,14011
2021.08.10,1.17134,1.17183,4711
2021.08.09,1.17518,1.1760700000000002,11915
2021.08.09,1.17404,1.17419,14091
2021.08.09,1.17498,1.17545,12864
2021.08.09,1.17507,1.17631,5862
2021.08.09,1.17422,1.17506,7918
2021.08.09,1.17343,1.17348,5305
2021.08.06,1.18249,1.18252,2429
2021.08.06,1.1807299999999998,1.18108,10261
2021.08.06,1.18184,1.18253,3512
2021.08.06,1.17764,1.17841,21508
2021.08.06,1.17542,1.1755799999999998,18427
2021.08.06,1.1755799999999998,1.17602,5481
2021.08.05,1.1828,1.18357,15472
2021.08.05,1.18319,1.18387,15272
2021.08.05,1.18297,1.18369,11023
2021.08.05,1.18296,1.18327,5602
2021.08.05,1.18313,1.18317,2789
2021.08.05,1.18314,1.18362,5295
2021.08.04,1.18325,1.1837799999999998,23329
2021.08.04,1.1848,1.18889,12628
2021.08.04,1.18418,1.18506,10204
2021.08.04,1.18616,1.18713,5970
2021.08.04,1.1858,1.1861700000000002,3290
2021.08.04,1.18344,1.18357,5878
2021.08.03,1.18787,1.18857,10989
2021.08.03,1.18534,1.18681,17112
2021.08.03,1.1871,1.18837,12664
2021.08.03,1.18679,1.18802,8182
2021.08.03,1.18669,1.18716,4174
2021.08.03,1.18605,1.1862700000000002,4439
2021.08.02,1.18714,1.18729,12052
2021.08.02,1.18664,1.18694,19306
2021.08.02,1.1864,1.18846,12444
2021.08.02,1.1865,1.18669,6663
2021.08.02,1.18587,1.18703,6474
2021.08.02,1.1856,1.18688,4411
2021.07.30,1.18772,1.1879,16500
2021.07.30,1.18749,1.19066,11803
2021.07.30,1.18759,1.18813,4862
2021.07.30,1.18514,1.1858799999999998,21095
2021.07.30,1.18773,1.18783,7651
2021.07.30,1.18537,1.1872,9723
2021.07.29,1.18798,1.1886,7672
2021.07.29,1.18757,1.18845,15399
2021.07.29,1.18691,1.18839,13859
2021.07.29,1.185,1.18763,13394
2021.07.29,1.18416,1.18562,8335
2021.07.29,1.18381,1.18434,4112
2021.07.28,1.1772,1.1842700000000002,36030
2021.07.28,1.1802,1.18288,11847
2021.07.28,1.17915,1.17986,13703
2021.07.28,1.18142,1.18196,6516
2021.07.28,1.18123,1.18139,3585
2021.07.28,1.17831,1.18142,16020
2021.07.27,1.1814,1.18154,8694
2021.07.27,1.18004,1.18361,22730
2021.07.27,1.17743,1.18185,13492
2021.07.27,1.1799,1.18082,3362
2021.07.27,1.1800700000000002,1.18021,6681
2021.07.27,1.17698,1.17775,17054
2021.07.26,1.17798,1.1812200000000002,16225
2021.07.26,1.1799,1.18021,5724
2021.07.26,1.1767,1.17837,17676
2021.07.26,1.17791,1.17829,14842
2021.07.26,1.17652,1.17784,6487
2021.07.26,1.17632,1.17661,3692
2021.07.23,1.17627,1.17744,16549
2021.07.23,1.17543,1.17794,14723
2021.07.23,1.17671,1.17677,5540
2021.07.23,1.17547,1.17682,14885
2021.07.23,1.17627,1.17779,4311
2021.07.23,1.17677,1.17682,5509
2021.07.22,1.1757,1.17626,27529
2021.07.22,1.17706,1.17998,28336
2021.07.22,1.1779,1.17964,14607
2021.07.22,1.17865,1.1796799999999998,4982
2021.07.22,1.17879,1.17881,2873
2021.07.22,1.17572,1.17698,7745
2021.07.21,1.17903,1.17913,9149
2021.07.21,1.17621,1.1793,19872
2021.07.21,1.17771,1.1779700000000002,3361
2021.07.21,1.17515,1.17793,17589
2021.07.21,1.17699,1.17721,6431
2021.07.21,1.17596,1.17659,14342
2021.07.20,1.17647,1.1772200000000002,22096
2021.07.20,1.17879,1.17885,9029
2021.07.20,1.17899,1.17947,3941
2021.07.20,1.1772,1.17878,19081
2021.07.20,1.17738,1.17775,8335
2021.07.20,1.17554,1.17775,25501
2021.07.19,1.17836,1.1798799999999998,30631
2021.07.19,1.18009,1.18018,4710
2021.07.19,1.17652,1.17729,16643
2021.07.19,1.17977,1.18061,5647
2021.07.19,1.17909,1.17932,11611
2021.07.19,1.17634,1.17867,20950
2021.07.16,1.1792,1.1801700000000002,14737
2021.07.16,1.1796799999999998,1.1818,13444
2021.07.16,1.1802700000000002,1.18045,9237
2021.07.16,1.18035,1.18113,4197
2021.07.16,1.17955,1.18111,18381
2021.07.16,1.18018,1.18094,6989
2021.07.15,1.18255,1.18488,15560
2021.07.15,1.18034,1.1806299999999998,19742
2021.07.15,1.18285,1.18333,4319
2021.07.15,1.1821,1.18307,9312
2021.07.15,1.18004,1.18026,17592
2021.07.15,1.17961,1.18115,9711
2021.07.14,1.18253,1.18348,7747
2021.07.14,1.18129,1.1832200000000002,23986
2021.07.14,1.1775799999999998,1.18218,19100
2021.07.14,1.17799,1.17836,14576
2021.07.14,1.17756,1.17835,7319
2021.07.14,1.17717,1.17763,4257
2021.07.13,1.18619,1.18635,6304
2021.07.13,1.18579,1.18664,3264
2021.07.13,1.18409,1.18497,12737
2021.07.13,1.17937,1.17991,22545
2021.07.13,1.17916,1.18041,24662
2021.07.13,1.1772,1.17751,12425
2021.07.12,1.18652,1.18682,8064
2021.07.12,1.18558,1.18703,13476
2021.07.12,1.18641,1.18752,5672
2021.07.12,1.18507,1.18573,17258
2021.07.12,1.18359,1.18529,16090
2021.07.12,1.1855,1.18593,6472
2021.07.09,1.18671,1.18764,5003
2021.07.09,1.18554,1.1868,15670
2021.07.09,1.18285,1.18684,21076
2021.07.09,1.18382,1.18406,6045
2021.07.09,1.18248,1.18321,22463
2021.07.09,1.18315,1.18317,11555
2021.07.08,1.18364,1.18444,27042
2021.07.08,1.18213,1.18513,30700
2021.07.08,1.1835,1.18416,8021
2021.07.08,1.17921,1.18221,32344
2021.07.08,1.17889,1.17909,4554
2021.07.08,1.17833,1.1796,9291
2021.07.07,1.18124,1.18156,18310
2021.07.07,1.18117,1.18238,18892
2021.07.07,1.18174,1.18235,9527
2021.07.07,1.18153,1.1820700000000002,5685
2021.07.07,1.17891,1.17892,17885
2021.07.07,1.17812,1.18001,23912
2021.07.06,1.18423,1.18451,22069
2021.07.06,1.18582,1.1874,11000
2021.07.06,1.18582,1.18605,5060
2021.07.06,1.1831,1.1836,20701
2021.07.06,1.18067,1.18145,33055
2021.07.06,1.18131,1.18223,8738
2021.07.05,1.18599,1.18632,13124
2021.07.05,1.18517,1.18701,15184
2021.07.05,1.18587,1.18598,9002
2021.07.05,1.18552,1.18676,9959
2021.07.05,1.18533,1.18573,4389
2021.07.05,1.1851200000000002,1.1856799999999998,5726
2021.07.02,1.18412,1.18635,7232
2021.07.02,1.18257,1.18433,25990
2021.07.02,1.1807,1.1847299999999998,25553
2021.07.02,1.1840700000000002,1.18428,3501
2021.07.02,1.18219,1.18275,14021
2021.07.02,1.18404,1.18445,6794
2021.07.01,1.18401,1.18781,21118
2021.07.01,1.1847,1.18489,20761
2021.07.01,1.18464,1.18485,3958
2021.07.01,1.18373,1.18445,19932
2021.07.01,1.1840700000000002,1.18488,7133
2021.07.01,1.1846,1.1849,5713
2021.06.30,1.18965,1.18996,7961
2021.06.30,1.18848,1.1886,18071
2021.06.30,1.18949,1.19001,6928
2021.06.30,1.18759,1.18822,21411
2021.06.30,1.18449,1.1848299999999998,27076
2021.06.30,1.18458,1.18552,9436
2021.06.29,1.19175,1.19191,4211
2021.06.29,1.19075,1.19102,7667
2021.06.29,1.1898799999999998,1.19013,14142
2021.06.29,1.18796,1.18824,18532
2021.06.29,1.18775,1.18959,19051
2021.06.29,1.18929,1.18955,5887
2021.06.28,1.1921700000000002,1.19412,16898
2021.06.28,1.1902,1.19213,17674
2021.06.28,1.19309,1.19365,4587
2021.06.28,1.19108,1.19224,20048
2021.06.28,1.19199,1.19224,6704
2021.06.28,1.1919799999999998,1.19226,6334
2021.06.25,1.1932200000000002,1.19371,19174
2021.06.25,1.19375,1.19577,17614
2021.06.25,1.19348,1.1943,13871
2021.06.25,1.19307,1.19368,6708
2021.06.25,1.19261,1.19361,6631
2021.06.25,1.19267,1.19308,3642
2021.06.24,1.19248,1.19542,17784
2021.06.24,1.19197,1.19265,15437
2021.06.24,1.19175,1.1925,15924
2021.06.24,1.19261,1.19303,8877
2021.06.24,1.19243,1.19308,5491
2021.06.24,1.19192,1.19239,7578
2021.06.23,1.1934,1.19355,21627
2021.06.23,1.19324,1.19536,16392
2021.06.23,1.1911200000000002,1.19325,19162
2021.06.23,1.19296,1.19317,5462
2021.06.23,1.19193,1.19246,9526
2021.06.23,1.1919,1.19191,8438
2021.06.22,1.19315,1.1938,12225
2021.06.22,1.18898,1.19343,25167
2021.06.22,1.19047,1.1908,4836
2021.06.22,1.19005,1.19026,9772
2021.06.22,1.18914,1.18963,18881
2021.06.22,1.18808,1.18928,15718
2021.06.21,1.18894,1.19189,22235
2021.06.21,1.19077,1.19167,10787
2021.06.21,1.18846,1.18923,19179
2021.06.21,1.18511,1.1893,24625
2021.06.21,1.18537,1.18723,8274
2021.06.21,1.18474,1.18657,19178
2021.06.18,1.19058,1.1913200000000002,10361
2021.06.18,1.18851,1.19126,26040
2021.06.18,1.18671,1.18875,24601
2021.06.18,1.19045,1.1907299999999998,6056
2021.06.18,1.18471,1.18744,36666
2021.06.18,1.18558,1.18586,16637
2021.06.17,1.19359,1.19474,27065
2021.06.17,1.19875,1.20007,10768
2021.06.17,1.1984,1.19881,9903
2021.06.17,1.1926,1.1931,23068
2021.06.17,1.18916,1.18959,27003
2021.06.17,1.18956,1.19056,14490
2021.06.16,1.21181,1.21285,13495
2021.06.16,1.21141,1.21184,12510
2021.06.16,1.21164,1.21284,5871
2021.06.16,1.21224,1.21225,2876
2021.06.16,1.21099,1.21173,11636
2021.06.16,1.19929,1.1993200000000002,53155
2021.06.15,1.2124,1.21302,12046
2021.06.15,1.21087,1.21239,14029
2021.06.15,1.21011,1.21114,13666
2021.06.15,1.21216,1.2125,6091
2021.06.15,1.21146,1.21257,6133
2021.06.15,1.21137,1.21197,3666
2021.06.14,1.21168,1.2122,12472
2021.06.14,1.21083,1.21193,11367
2021.06.14,1.21164,1.21176,4849
2021.06.14,1.2094,1.21088,14208
2021.06.14,1.20986,1.21,5013
2021.06.14,1.20944,1.21041,5742
2021.06.11,1.2163700000000002,1.21656,12854
2021.06.11,1.21757,1.21869,6860
2021.06.11,1.21624,1.2178,3462
2021.06.11,1.21222,1.21286,15443
2021.06.11,1.20926,1.20962,15048
2021.06.11,1.20925,1.21053,5054
2021.06.10,1.2151,1.21859,27134
2021.06.10,1.2143,1.21765,24287
2021.06.10,1.21719,1.21728,2782
2021.06.10,1.21624,1.21638,6118
2021.06.10,1.21626,1.2164,5543
2021.06.10,1.2153200000000002,1.21665,12149
2021.06.09,1.21739,1.21759,12903
2021.06.09,1.21836,1.21945,9661
2021.06.09,1.21754,1.21881,9619
2021.06.09,1.21737,1.21793,4927
2021.06.09,1.21741,1.21787,4896
2021.06.09,1.21701,1.21748,2690
2021.06.08,1.21824,1.21855,3320
2021.06.08,1.21706,1.2178,14047
2021.06.08,1.21773,1.21792,8155
2021.06.08,1.2168,1.21757,16668
2021.06.08,1.21641,1.21761,11683
2021.06.08,1.2171,1.21717,4049
2021.06.07,1.21612,1.21946,11761
2021.06.07,1.21881,1.21883,3779
2021.06.07,1.21504,1.21632,10435
2021.06.07,1.21589,1.21671,3374
2021.06.07,1.21599,1.21678,7183
2021.06.07,1.21446,1.2161799999999998,11220
2021.06.04,1.21606,1.2161,18228
2021.06.04,1.21038,1.21675,23680
2021.06.04,1.21601,1.21652,4874
2021.06.04,1.2114200000000002,1.21272,4372
2021.06.04,1.21121,1.21136,8003
2021.06.04,1.21039,1.21117,12435
2021.06.03,1.22079,1.22122,2007
2021.06.03,1.2200799999999998,1.22012,4441
2021.06.03,1.21563,1.21582,23611
2021.06.03,1.21785,1.21875,11709
2021.06.03,1.21182,1.21201,20486
2021.06.03,1.21187,1.21258,6068
2021.06.02,1.22167,1.22169,5363
2021.06.02,1.22108,1.22201,3871
2021.06.02,1.21793,1.21812,16405
2021.06.02,1.21841,1.22118,12587
2021.06.02,1.2205700000000002,1.22096,5461
2021.06.02,1.21639,1.2185700000000002,16030
2021.06.01,1.22156,1.22328,17641
2021.06.01,1.22131,1.22297,13855
2021.06.01,1.22168,1.22245,12317
2021.06.01,1.22221,1.22222,5391
2021.06.01,1.22224,1.22295,3202
2021.06.01,1.22105,1.22119,5565
2021.05.31,1.21937,1.2228,8223
2021.05.31,1.22229,1.22235,3113
2021.05.31,1.21884,1.21978,5349
2021.05.31,1.21831,1.22004,10398
2021.05.31,1.21848,1.21984,8242
2021.05.31,1.21843,1.21915,3773
2021.05.28,1.21879,1.21884,7445
2021.05.28,1.21325,1.22003,21801
2021.05.28,1.2171299999999998,1.21972,13868
2021.05.28,1.21325,1.21347,18439
2021.05.28,1.21824,1.21839,3738
2021.05.28,1.21813,1.21876,6760
2021.05.27,1.21799,1.21823,15955
2021.05.27,1.21796,1.21874,18303
2021.05.27,1.2182,1.21859,17470
2021.05.27,1.2187,1.21935,6472
2021.05.27,1.21797,1.21881,4894
2021.05.27,1.2175,1.21933,7755
2021.05.26,1.2232299999999998,1.22407,13207
2021.05.26,1.2241799999999998,1.22594,8136
2021.05.26,1.22444,1.22449,4281
2021.05.26,1.22168,1.22197,14726
2021.05.26,1.21955,1.21997,17874
2021.05.26,1.21817,1.21904,8093
2021.05.25,1.2246,1.22534,15358
2021.05.25,1.22201,1.22587,20738
2021.05.25,1.22261,1.22396,19459
2021.05.25,1.22377,1.22484,9073
2021.05.25,1.2221,1.22291,8536
2021.05.25,1.22114,1.22217,4233
2021.05.24,1.22032,1.2215,13900
2021.05.24,1.21927,1.22101,16286
2021.05.24,1.22055,1.22139,5124
2021.05.24,1.21747,1.21965,16780
2021.05.24,1.21699,1.21804,5499
2021.05.24,1.21749,1.21795,9189
2021.05.21,1.22096,1.22235,14958
2021.05.21,1.22273,1.22327,6369
2021.05.21,1.21782,1.22055,18828
2021.05.21,1.2221,1.22336,3516
2021.05.21,1.21606,1.2164,18958
2021.05.21,1.21624,1.21794,6195
2021.05.20,1.2212,1.22263,7963
2021.05.20,1.21972,1.22181,17174
2021.05.20,1.21809,1.21999,14833
2021.05.20,1.21769,1.21881,13864
2021.05.20,1.21695,1.21819,7278
2021.05.20,1.2162,1.21849,5111
2021.05.19,1.22044,1.22164,15856
2021.05.19,1.22036,1.22105,24464
2021.05.19,1.22171,1.22312,6505
2021.05.19,1.22202,1.22262,3560
2021.05.19,1.21885,1.22075,17273
2021.05.19,1.21597,1.21697,23158
2021.05.18,1.22063,1.22211,14580
2021.05.18,1.22146,1.22212,7199
2021.05.18,1.21978,1.22166,16447
2021.05.18,1.21635,1.22184,15146
2021.05.18,1.21555,1.21643,6008
2021.05.18,1.21482,1.21562,2981
2021.05.17,1.21344,1.21397,13743
2021.05.17,1.21422,1.21487,5880
2021.05.17,1.21376,1.21556,16481
2021.05.17,1.21319,1.21337,3964
2021.05.17,1.21259,1.21479,11782
2021.05.17,1.21288,1.21295,6303
2021.05.14,1.21241,1.21367,18629
2021.05.14,1.21337,1.21431,7179
2021.05.14,1.21028,1.2129299999999998,18751
2021.05.14,1.20842,1.21249,14886
2021.05.14,1.20727,1.20854,6352
2021.05.14,1.20692,1.2075,3138
2021.05.13,1.20512,1.20621,20514
2021.05.13,1.2064,1.20794,22153
2021.05.13,1.20599,1.20814,20010
2021.05.13,1.20716,1.20781,8689
2021.05.13,1.2062,1.20781,12120
2021.05.13,1.20678,1.20817,4582
2021.05.12,1.20653,1.20662,35469
2021.05.12,1.21372,1.21379,3963
2021.05.12,1.20717,1.21297,25752
2021.05.12,1.2119799999999998,1.21341,12862
2021.05.12,1.2115200000000002,1.21202,8534
2021.05.12,1.20654,1.20692,13717
2021.05.11,1.21478,1.21636,23085
2021.05.11,1.21537,1.2168,16134
2021.05.11,1.2143700000000002,1.21457,8679
2021.05.11,1.21229,1.21623,15376
2021.05.11,1.21261,1.21414,9249
2021.05.11,1.21259,1.21277,4586
2021.05.10,1.21525,1.2159,18921
2021.05.10,1.2154,1.21614,5929
2021.05.10,1.21365,1.21708,15431
2021.05.10,1.21565,1.2171,15427
2021.05.10,1.21508,1.2151299999999998,6064
2021.05.10,1.21266,1.21282,9276
2021.05.07,1.21495,1.2160799999999998,8833
2021.05.07,1.2102,1.2151,27866
2021.05.07,1.2058,1.21288,26611
2021.05.07,1.20526,1.20873,13124
2021.05.07,1.20578,1.20634,3068
2021.05.07,1.20594,1.20638,6111
2021.05.06,1.20439,1.20495,16130
2021.05.06,1.20479,1.20638,5994
2021.05.06,1.2036,1.20569,15251
2021.05.06,1.2001700000000002,1.20394,11612
2021.05.06,1.19929,1.20021,7678
2021.05.06,1.1999799999999998,1.2,2559
2021.05.05,1.20179,1.20221,3843
2021.05.05,1.19857,1.19965,13514
2021.05.05,1.20086,1.20195,2781
2021.05.05,1.19913,1.19968,14654
2021.05.05,1.19917,1.19936,15560
2021.05.05,1.19909,1.20032,5307
2021.05.04,1.20528,1.20555,3796
2021.05.04,1.20369,1.20404,5267
2021.05.04,1.2002,1.20031,12626
2021.05.04,1.20014,1.20174,24258
2021.05.04,1.1998799999999998,1.20256,15864
2021.05.04,1.20091,1.20117,9259
2021.05.03,1.20422,1.20527,14737
2021.05.03,1.20512,1.20622,5579
2021.05.03,1.20416,1.20428,11072
2021.05.03,1.20128,1.20472,11433
2021.05.03,1.20169,1.20209,5469
2021.05.03,1.20201,1.20337,3770
2021.04.30,1.2115200000000002,1.21169,5985
2021.04.30,1.21159,1.21218,4335
2021.04.30,1.2094200000000002,1.20949,10762
2021.04.30,1.2077,1.20835,13423
2021.04.30,1.20238,1.20264,25071
2021.04.30,1.20165,1.20194,8074
2021.04.29,1.2123700000000002,1.21317,6612
2021.04.29,1.21202,1.21416,3783
2021.04.29,1.2111,1.21153,13046
2021.04.29,1.21138,1.21225,15678
2021.04.29,1.21124,1.21161,6153
2021.04.29,1.21019,1.21176,21126
2021.04.28,1.20653,1.2123,23800
2021.04.28,1.20565,1.209,17073
2021.04.28,1.20781,1.20783,3789
2021.04.28,1.20721,1.20726,6375
2021.04.28,1.2056,1.20746,12348
2021.04.28,1.20613,1.20676,14360
2021.04.27,1.20566,1.20815,14017
2021.04.27,1.20704,1.20888,7646
2021.04.27,1.20691,1.20706,14583
2021.04.27,1.20746,1.20789,4252
2021.04.27,1.2065,1.20726,6041
2021.04.27,1.20572,1.20581,11043
2021.04.26,1.21031,1.2108,8996
2021.04.26,1.20885,1.20996,16024
2021.04.26,1.20765,1.20803,14376
2021.04.26,1.20885,1.2103,5062
2021.04.26,1.20823,1.20828,6230
2021.04.26,1.2060799999999998,1.20889,14774
2021.04.23,1.20741,1.20963,7914
2021.04.23,1.2046,1.20765,20278
2021.04.23,1.20489,1.20714,14322
2021.04.23,1.20225,1.20587,15130
2021.04.23,1.20179,1.20264,7682
2021.04.23,1.20127,1.20203,4250
2021.04.22,1.20023,1.20086,26052
2021.04.22,1.2022,1.20644,17912
2021.04.22,1.20239,1.2026,12973
2021.04.22,1.20321,1.20335,9944
2021.04.22,1.20291,1.20364,3094
2021.04.22,1.19934,1.20138,14637
2021.04.21,1.20294,1.20344,4087
2021.04.21,1.20244,1.20273,7826
2021.04.21,1.19989,1.20274,18975
2021.04.21,1.20031,1.20059,13711
2021.04.21,1.20263,1.20337,6453
2021.04.21,1.19982,1.20139,13963
2021.04.20,1.20481,1.20685,19390
2021.04.20,1.20373,1.20629,10115
2021.04.20,1.20262,1.20345,16112
2021.04.20,1.20253,1.20301,21036
2021.04.20,1.20316,1.2039,3965
2021.04.20,1.20222,1.20346,8446
2021.04.19,1.2021700000000002,1.20401,18546
2021.04.19,1.20326,1.20357,7250
2021.04.19,1.2015,1.20379,19055
2021.04.19,1.19579,1.20249,20701
2021.04.19,1.19606,1.19613,5811
2021.04.19,1.19424,1.19583,9280
2021.04.16,1.1969,1.19834,16408
2021.04.16,1.19746,1.19804,12936
2021.04.16,1.19581,1.19779,15143
2021.04.16,1.19723,1.198,5582
2021.04.16,1.19559,1.19568,4358
2021.04.16,1.19503,1.19632,8699
2021.04.15,1.19568,1.1958,15963
2021.04.15,1.197,1.19806,12602
2021.04.15,1.19696,1.19702,7794
2021.04.15,1.19751,1.19861,3531
2021.04.15,1.19559,1.19708,20171
2021.04.15,1.19569,1.19606,10736
2021.04.14,1.19527,1.19848,20800
2021.04.14,1.19695,1.19779,9534
2021.04.14,1.19546,1.19664,15522
2021.04.14,1.19509,1.19635,14465
2021.04.14,1.19524,1.19625,8463
2021.04.14,1.19462,1.19541,4967
2021.04.13,1.19377,1.19469,9441
2021.04.13,1.1923,1.1937799999999998,20854
2021.04.13,1.18767,1.19242,24481
2021.04.13,1.19021,1.19039,4837
2021.04.13,1.18826,1.19004,13949
2021.04.13,1.18858,1.18872,9281
2021.04.12,1.19032,1.19156,15651
2021.04.12,1.18838,1.19139,14467
2021.04.12,1.1898799999999998,1.19094,7244
2021.04.12,1.18831,1.18973,4873
2021.04.12,1.18853,1.18879,9553
2021.04.12,1.1871,1.18836,13211
2021.04.09,1.19029,1.19039,6781
2021.04.09,1.19103,1.19189,4153
2021.04.09,1.18995,1.18998,6633
2021.04.09,1.18837,1.18856,15863
2021.04.09,1.18702,1.18999,17545
2021.04.09,1.18669,1.18758,15967
2021.04.08,1.18833,1.19213,20485
2021.04.08,1.19119,1.19121,8306
2021.04.08,1.18615,1.18925,15385
2021.04.08,1.1867,1.18812,13019
2021.04.08,1.18628,1.18663,3869
2021.04.08,1.18606,1.18726,6000
2021.04.07,1.18816,1.1882,19980
2021.04.07,1.18767,1.18845,17042
2021.04.07,1.18638,1.1886,16396
2021.04.07,1.1860700000000002,1.18636,8936
2021.04.07,1.18654,1.18707,7665
2021.04.07,1.18678,1.18721,4479
2021.04.06,1.18519,1.18753,8497
2021.04.06,1.18259,1.18555,15769
2021.04.06,1.18022,1.18285,16874
2021.04.06,1.18101,1.18139,3111
2021.04.06,1.1795,1.18134,14718
2021.04.06,1.17996,1.18054,7962
2021.04.05,1.18077,1.18124,4909
2021.04.05,1.17777,1.18159,12572
2021.04.05,1.17373,1.17787,8794
2021.04.05,1.17589,1.1759,4020
2021.04.05,1.17482,1.17647,5946
2021.04.05,1.17405,1.17472,6970
2021.04.02,1.17694,1.17819,4510
2021.04.02,1.17563,1.17686,8074
2021.04.02,1.177,1.17714,3257
2021.04.02,1.17691,1.1777799999999998,4675
2021.04.02,1.1749,1.17605,11172
2021.04.02,1.17528,1.17619,2328
2021.04.01,1.17386,1.17729,20449
2021.04.01,1.17665,1.17762,6995
2021.04.01,1.17241,1.17451,14295
2021.04.01,1.17125,1.17275,15230
2021.04.01,1.17143,1.17154,7125
2021.04.01,1.17198,1.17293,6071
2021.03.31,1.17209,1.17498,20747
2021.03.31,1.17193,1.17303,10496
2021.03.31,1.17046,1.17461,14333
2021.03.31,1.17208,1.17254,14340
2021.03.31,1.17138,1.17224,4317
2021.03.31,1.17039,1.17075,6620
2021.03.30,1.17625,1.1770200000000002,3663
2021.03.30,1.17603,1.17639,5323
2021.03.30,1.1733,1.17461,14925
2021.03.30,1.17271,1.17311,15107
2021.03.30,1.17109,1.17182,20692
2021.03.30,1.17136,1.17166,6105
2021.03.29,1.17627,1.1766299999999998,14623
2021.03.29,1.17605,1.17734,19196
2021.03.29,1.17776,1.17804,5042
2021.03.29,1.17749,1.17786,5866
2021.03.29,1.17645,1.17854,14156
2021.03.29,1.17629,1.17647,7605
2021.03.26,1.1775799999999998,1.17986,18793
2021.03.26,1.1784,1.17933,9311
2021.03.26,1.17716,1.1776,14469
2021.03.26,1.17751,1.17871,10500
2021.03.26,1.17745,1.17764,5014
2021.03.26,1.17637,1.17819,6124
2021.03.25,1.18041,1.18204,7865
2021.03.25,1.18012,1.1805,11232
2021.03.25,1.17909,1.17971,14901
2021.03.25,1.18078,1.18175,6347
2021.03.25,1.17623,1.17626,24124
2021.03.25,1.17616,1.1764,12848
2021.03.24,1.18359,1.18426,6278
2021.03.24,1.18396,1.1846299999999998,7649
2021.03.24,1.18121,1.18264,16926
2021.03.24,1.18186,1.18335,16356
2021.03.24,1.18143,1.18234,20313
2021.03.24,1.18095,1.18127,10788
2021.03.23,1.1928299999999998,1.19333,4953
2021.03.23,1.19228,1.1923,7749
2021.03.23,1.18858,1.18985,13016
2021.03.23,1.1877,1.1889,19120
2021.03.23,1.1858,1.18633,18585
2021.03.23,1.18419,1.18492,9812
2021.03.22,1.19321,1.19321,7201
2021.03.22,1.19105,1.1939,20637
2021.03.22,1.1893200000000002,1.19229,16387
2021.03.22,1.18744,1.1902,14910
2021.03.22,1.1875,1.18934,6276
2021.03.22,1.18699,1.1885,7252
2021.03.19,1.19108,1.1922700000000002,12902
2021.03.19,1.18903,1.18996,16345
2021.03.19,1.19019,1.19186,8978
2021.03.19,1.1904,1.1907,5128
2021.03.19,1.19019,1.19043,8546
2021.03.19,1.18737,1.19072,32498
2021.03.18,1.19348,1.19472,19660
2021.03.18,1.19726,1.19853,7078
2021.03.18,1.19552,1.19611,9868
2021.03.18,1.19216,1.1928,23279
2021.03.18,1.1908299999999998,1.19202,27138
2021.03.18,1.1906,1.19138,15471
2021.03.17,1.18975,1.19785,33756
2021.03.17,1.18911,1.19114,14081
2021.03.17,1.1896799999999998,1.19014,17800
2021.03.17,1.1886,1.1897799999999998,8231
2021.03.17,1.18974,1.19011,4848
2021.03.17,1.18926,1.19033,5646
2021.03.16,1.19202,1.19228,17756
2021.03.16,1.19135,1.19266,10629
2021.03.16,1.1922,1.19376,6489
2021.03.16,1.19222,1.19226,4358
2021.03.16,1.18819,1.1893,26253
2021.03.16,1.18923,1.19018,11483
2021.03.15,1.19424,1.19431,10148
2021.03.15,1.19414,1.1951,6926
2021.03.15,1.19177,1.19365,15547
2021.03.15,1.19189,1.19247,15254
2021.03.15,1.1911,1.19229,21608
2021.03.15,1.19192,1.19285,7636
2021.03.12,1.19766,1.1984,5670
2021.03.12,1.19594,1.19633,8160
2021.03.12,1.19109,1.19176,21103
2021.03.12,1.19443,1.1951,8849
2021.03.12,1.1911200000000002,1.19477,28687
2021.03.12,1.19097,1.19263,19289
2021.03.11,1.19713,1.19848,12559
2021.03.11,1.19278,1.19721,27153
2021.03.11,1.19424,1.19569,25414
2021.03.11,1.19189,1.19635,17013
2021.03.11,1.1921700000000002,1.19271,8223
2021.03.11,1.19154,1.19216,6209
2021.03.10,1.19014,1.19276,14781
2021.03.10,1.18858,1.1908,29768
2021.03.10,1.18816,1.19104,23391
2021.03.10,1.18687,1.18997,15396
2021.03.10,1.18837,1.18849,6604
2021.03.10,1.18702,1.18749,9151
2021.03.09,1.18821,1.18916,22485
2021.03.09,1.18812,1.18861,27757
2021.03.09,1.18511,1.19053,22193
2021.03.09,1.18846,1.18992,10968
2021.03.09,1.18379,1.18537,14018
2021.03.09,1.18354,1.18381,8916
2021.03.08,1.19156,1.19271,12175
2021.03.08,1.18986,1.19121,12593
2021.03.08,1.18651,1.18719,23233
2021.03.08,1.18455,1.18564,33009
2021.03.08,1.18565,1.18709,22146
2021.03.08,1.18431,1.18457,11810
2021.03.05,1.19529,1.19605,13371
2021.03.05,1.19514,1.19594,12128
2021.03.05,1.1914,1.19274,30895
2021.03.05,1.19051,1.19119,55333
2021.03.05,1.18931,1.1917799999999998,37328
2021.03.05,1.1905,1.19111,15899
2021.03.04,1.20435,1.20619,9672
2021.03.04,1.20434,1.20561,11717
2021.03.04,1.20263,1.20323,23036
2021.03.04,1.19899,1.19936,43565
2021.03.04,1.20273,1.20356,23375
2021.03.04,1.19615,1.19638,38733
2021.03.03,1.20739,1.21012,23509
2021.03.03,1.20431,1.20544,26663
2021.03.03,1.20811,1.20914,7103
2021.03.03,1.20824,1.20838,5892
2021.03.03,1.20425,1.20702,35587
2021.03.03,1.20606,1.20622,16054
2021.03.02,1.20792,1.20897,10383
2021.03.02,1.20278,1.20795,29101
2021.03.02,1.2027,1.20311,7971
2021.03.02,1.20059,1.20289,23191
2021.03.02,1.20151,1.20215,14198
2021.03.02,1.19915,1.2006,24224
2021.03.01,1.20679,1.20841,12407
2021.03.01,1.2028299999999998,1.20384,21971
2021.03.01,1.20746,1.2084700000000002,10149
2021.03.01,1.20273,1.20406,30917
2021.03.01,1.20372,1.20528,20308
2021.03.01,1.20324,1.20479,10605
2021.02.26,1.2137,1.21636,21120
2021.02.26,1.2145,1.21536,18051
2021.02.26,1.21226,1.2125,33842
2021.02.26,1.20734,1.20799,50425
2021.02.26,1.20925,1.21233,39037
2021.02.26,1.20621,1.20717,18696
2021.02.25,1.22086,1.22124,42961
2021.02.25,1.22111,1.22122,30822
2021.02.25,1.21675,1.2219799999999998,22694
2021.02.25,1.21602,1.21707,40248
2021.02.25,1.21558,1.21779,8947
2021.02.25,1.21565,1.21572,9442
2021.02.24,1.21439,1.21626,22912
2021.02.24,1.2139,1.2159799999999998,12540
2021.02.24,1.21232,1.2133200000000002,25724
2021.02.24,1.21428,1.21583,11778
2021.02.24,1.21453,1.21479,10130
2021.02.24,1.21089,1.21416,33826
2021.02.23,1.21449,1.21489,16795
2021.02.23,1.21527,1.21756,6235
2021.02.23,1.21644,1.21699,5484
2021.02.23,1.2135200000000002,1.21459,27177
2021.02.23,1.21353,1.2149,18793
2021.02.23,1.21415,1.21485,8578
2021.02.22,1.21504,1.21541,6955
2021.02.22,1.2129,1.21652,25841
2021.02.22,1.21076,1.21471,18522
2021.02.22,1.21114,1.21263,7499
2021.02.22,1.21123,1.21201,7699
2021.02.22,1.2091,1.21079,19988
2021.02.19,1.2126,1.21305,17454
2021.02.19,1.20905,1.21337,16595
2021.02.19,1.21173,1.21267,17892
2021.02.19,1.21076,1.21165,8001
2021.02.19,1.20842,1.20876,5730
2021.02.19,1.20822,1.20941,5622
2021.02.18,1.20794,1.20888,6521
2021.02.18,1.20623,1.20846,19754
2021.02.18,1.20619,1.20816,24060
2021.02.18,1.20362,1.20735,15628
2021.02.18,1.20309,1.20445,6268
2021.02.18,1.20356,1.20456,5644
2021.02.17,1.20831,1.20928,9459
2021.02.17,1.20858,1.20931,7075
2021.02.17,1.20595,1.20677,18151
2021.02.17,1.2030299999999998,1.20334,20261
2021.02.17,1.20231,1.2045,24229
2021.02.17,1.20309,1.20309,7704
2021.02.16,1.21062,1.2108,19716
2021.02.16,1.21283,1.21524,14112
2021.02.16,1.21324,1.21364,5636
2021.02.16,1.21241,1.21425,5165
2021.02.16,1.20948,1.21087,28696
2021.02.16,1.21023,1.21053,6509
2021.02.15,1.21306,1.21345,12736
2021.02.15,1.21238,1.21267,10195
2021.02.15,1.21254,1.21377,5001
2021.02.15,1.21206,1.21305,8383
2021.02.15,1.2124700000000002,1.21276,4533
2021.02.15,1.21166,1.21267,6206
2021.02.12,1.21245,1.2127,3767
2021.02.12,1.21183,1.21312,4680
2021.02.12,1.21002,1.21082,13082
2021.02.12,1.20812,1.21232,19568
2021.02.12,1.2113,1.21178,6416
2021.02.12,1.2084,1.20869,13717
2021.02.11,1.21207,1.21435,11974
2021.02.11,1.21212,1.2127,20156
2021.02.11,1.2123,1.21284,7815
2021.02.11,1.21178,1.21301,10836
2021.02.11,1.21167,1.21263,3920
2021.02.11,1.21134,1.21171,3041
2021.02.10,1.2114,1.21192,16416
2021.02.10,1.21129,1.21284,19405
2021.02.10,1.2123,1.2138,25417
2021.02.10,1.21154,1.21169,8127
2021.02.10,1.21157,1.2124,5137
2021.02.10,1.21087,1.21158,4700
2021.02.09,1.21019,1.21174,8924
2021.02.09,1.20671,1.21095,19694
2021.02.09,1.209,1.21016,17672
2021.02.09,1.2088299999999998,1.21051,22230
2021.02.09,1.20594,1.2078,8062
2021.02.09,1.20455,1.20593,6664
2021.02.08,1.20329,1.20469,22349
2021.02.08,1.20431,1.20431,7227
2021.02.08,1.20296,1.20382,9973
2021.02.08,1.20239,1.20279,11865
2021.02.08,1.20195,1.20374,16769
2021.02.08,1.20312,1.20365,4549
2021.02.05,1.2037,1.20482,8101
2021.02.05,1.20006,1.20377,24118
2021.02.05,1.19685,1.20038,24155
2021.02.05,1.19593,1.19767,15805
2021.02.05,1.19573,1.19659,6171
2021.02.05,1.19519,1.19628,6660
2021.02.04,1.20284,1.20348,6125
2021.02.04,1.20124,1.20169,7926
2021.02.04,1.1983,1.19857,20986
2021.02.04,1.19826,1.19838,20325
2021.02.04,1.19573,1.19602,18009
2021.02.04,1.19574,1.19585,7353
2021.02.03,1.20357,1.20467,7097
2021.02.03,1.20391,1.20438,5976
2021.02.03,1.20092,1.20226,16798
2021.02.03,1.2021,1.20344,7716
2021.02.03,1.20039,1.20266,20823
2021.02.03,1.20046,1.20169,16865
2021.02.02,1.20746,1.20791,7734
2021.02.02,1.20638,1.20667,17519
2021.02.02,1.20586,1.20838,7116
2021.02.02,1.20261,1.2048,24187
2021.02.02,1.20114,1.20186,25623
2021.02.02,1.2017,1.20424,11220
2021.02.01,1.2119799999999998,1.21272,11609
2021.02.01,1.21246,1.21299,7344
2021.02.01,1.20835,1.20935,22043
2021.02.01,1.20624,1.20695,25464
2021.02.01,1.2069299999999998,1.2084700000000002,24135
2021.02.01,1.2055,1.2058799999999998,12083
2021.01.29,1.21248,1.21323,37367
2021.01.29,1.21068,1.2146,34322
2021.01.29,1.21274,1.21345,15702
2021.01.29,1.21036,1.21081,7598
2021.01.29,1.2097,1.21164,25993
2021.01.29,1.20943,1.20994,9532
2021.01.28,1.21185,1.21249,33058
2021.01.28,1.21175,1.21187,12320
2021.01.28,1.20878,1.21283,29388
2021.01.28,1.20805,1.21085,28981
2021.01.28,1.20823,1.21011,11134
2021.01.28,1.20868,1.21053,10080
2021.01.27,1.21582,1.21607,5793
2021.01.27,1.21193,1.21225,20732
2021.01.27,1.21529,1.21627,5624
2021.01.27,1.2098,1.2111,24918
2021.01.27,1.20931,1.21087,25839
2021.01.27,1.20582,1.21177,41480
2021.01.26,1.21397,1.21572,23862
2021.01.26,1.21562,1.21586,7547
2021.01.26,1.2123,1.21566,20647
2021.01.26,1.21269,1.21309,6967
2021.01.26,1.21294,1.21452,6196
2021.01.26,1.21076,1.21287,22174
2021.01.25,1.21438,1.21475,20028
2021.01.25,1.21642,1.21806,6742
2021.01.25,1.21601,1.21641,7821
2021.01.25,1.21399,1.21468,19144
2021.01.25,1.21158,1.21444,28876
2021.01.25,1.2136,1.21376,7560
2021.01.22,1.2151299999999998,1.21737,21429
2021.01.22,1.2155,1.21653,17958
2021.01.22,1.2154,1.21672,22517
2021.01.22,1.21537,1.21728,6897
2021.01.22,1.217,1.21719,5988
2021.01.22,1.21651,1.21694,7745
2021.01.21,1.21323,1.21512,27228
2021.01.21,1.21356,1.21484,29601
2021.01.21,1.2148,1.21597,8654
2021.01.21,1.21147,1.21422,16225
2021.01.21,1.2122700000000002,1.21345,6390
2021.01.21,1.21022,1.2123700000000002,6750
2021.01.20,1.21178,1.21273,18539
2021.01.20,1.21395,1.21442,5194
2021.01.20,1.21206,1.2140799999999998,7096
2021.01.20,1.20954,1.2107,19032
2021.01.20,1.20765,1.21066,25312
2021.01.20,1.2098799999999998,1.21049,8082
2021.01.19,1.21154,1.21211,20941
2021.01.19,1.21179,1.21358,17074
2021.01.19,1.21186,1.21276,6436
2021.01.19,1.20852,1.21182,16335
2021.01.19,1.20906,1.20969,5644
2021.01.19,1.20736,1.20931,5749
2021.01.18,1.20589,1.20619,16214
2021.01.18,1.20648,1.20784,9447
2021.01.18,1.20652,1.20775,7606
2021.01.18,1.20717,1.20738,6385
2021.01.18,1.20626,1.20746,9911
2021.01.18,1.20533,1.20658,14184
2021.01.15,1.21456,1.21506,7526
2021.01.15,1.21351,1.21397,6739
2021.01.15,1.21176,1.2138799999999998,16567
2021.01.15,1.21138,1.21158,19016
2021.01.15,1.20815,1.20934,28747
2021.01.15,1.20739,1.20758,9276
2021.01.14,1.21117,1.21653,26465
2021.01.14,1.21438,1.21516,14436
2021.01.14,1.21497,1.21659,6274
2021.01.14,1.21356,1.21551,12095
2021.01.14,1.2136,1.2166,18027
2021.01.14,1.21107,1.21196,22075
2021.01.13,1.21821,1.2189299999999998,16782
2021.01.13,1.22072,1.22088,5789
2021.01.13,1.21997,1.22173,8535
2021.01.13,1.21543,1.21611,21230
2021.01.13,1.21396,1.21651,27218
2021.01.13,1.21482,1.21562,9891
2021.01.12,1.2172,1.22065,13775
2021.01.12,1.21486,1.21616,19586
2021.01.12,1.2137,1.21743,24065
2021.01.12,1.21402,1.2146,20200
2021.01.12,1.21402,1.2149,7429
2021.01.12,1.21385,1.21531,6464
2021.01.11,1.21711,1.21776,11642
2021.01.11,1.2159799999999998,1.21605,21116
2021.01.11,1.21665,1.21815,9073
2021.01.11,1.21321,1.21668,28148
2021.01.11,1.21392,1.21443,20715
2021.01.11,1.21475,1.215,8443
2021.01.08,1.22322,1.2271299999999998,28141
2021.01.08,1.2222,1.22286,45621
2021.01.08,1.22348,1.22479,11093
2021.01.08,1.22131,1.22397,25272
2021.01.08,1.22455,1.22576,9534
2021.01.08,1.21927,1.2220799999999998,17392
2021.01.07,1.23211,1.2330299999999998,9374
2021.01.07,1.23107,1.23126,8819
2021.01.07,1.22638,1.22688,26049
2021.01.07,1.22461,1.22656,35140
2021.01.07,1.22626,1.22702,11577
2021.01.07,1.22449,1.22684,25845
2021.01.06,1.23165,1.23193,27895
2021.01.06,1.22963,1.23382,28520
2021.01.06,1.2296200000000002,1.23244,25035
2021.01.06,1.22783,1.22891,18529
2021.01.06,1.22654,1.22987,40377
2021.01.06,1.22754,1.22964,17858
2021.01.05,1.22884,1.22895,10385
2021.01.05,1.22536,1.22994,32141
2021.01.05,1.22603,1.22624,20914
2021.01.05,1.22551,1.22721,19834
2021.01.05,1.22568,1.22721,9115
2021.01.05,1.2243700000000002,1.22569,7626
2021.01.04,1.22498,1.22528,35299
2021.01.04,1.22862,1.22987,21584
2021.01.04,1.22421,1.22931,20801
2021.01.04,1.22413,1.22551,10011
2021.01.04,1.22406,1.22452,13274
2021.01.04,1.22265,1.22525,13097
2020.12.31,1.22914,1.23064,5592
2020.12.31,1.2285,1.22894,7068
2020.12.31,1.22767,1.2279,16618
2020.12.31,1.22593,1.22842,18234
2020.12.31,1.2220799999999998,1.22249,24003
2020.12.31,1.22084,1.22126,7830
2020.12.30,1.22711,1.22884,26747
2020.12.30,1.22804,1.2294,8072
2020.12.30,1.22454,1.22907,10929
2020.12.30,1.22663,1.22911,17154
2020.12.30,1.22816,1.22848,6771
2020.12.30,1.22526,1.22683,15650
2020.12.29,1.22369,1.22415,22508
2020.12.29,1.22388,1.22533,15562
2020.12.29,1.22359,1.22471,9678
2020.12.29,1.22356,1.22496,11494
2020.12.29,1.22244,1.2236,6822
2020.12.29,1.22058,1.22271,7173
2020.12.28,1.22195,1.22487,12813
2020.12.28,1.21912,1.22127,21590
2020.12.28,1.22049,1.22061,18679
2020.12.28,1.22043,1.22233,6656
2020.12.28,1.22025,1.2215200000000002,8839
2020.12.28,1.21731,1.22049,11287
2020.12.24,1.2201799999999998,1.22049,6495
2020.12.24,1.21807,1.22081,7345
2020.12.24,1.21869,1.21915,11039
2020.12.24,1.21856,1.21882,9702
2020.12.24,1.21772,1.21831,12681
2020.12.24,1.21766,1.21846,9077
2020.12.23,1.21736,1.21867,30066
2020.12.23,1.21719,1.21937,15292
2020.12.23,1.21601,1.21761,19793
2020.12.23,1.21724,1.21842,10557
2020.12.23,1.21663,1.21889,7807
2020.12.23,1.21536,1.21771,9991
2020.12.22,1.22041,1.22301,22129
2020.12.22,1.22282,1.22311,7083
2020.12.22,1.21606,1.21745,30787
2020.12.22,1.22156,1.22184,6612
2020.12.22,1.22046,1.2207,17839
2020.12.22,1.2152,1.21605,10370
2020.12.21,1.22277,1.22412,14379
2020.12.21,1.21911,1.22361,26118
2020.12.21,1.22046,1.22081,9834
2020.12.21,1.2168,1.21753,29269
2020.12.21,1.21295,1.21908,43253
2020.12.21,1.21787,1.21912,10024
2020.12.18,1.22505,1.22561,5881
2020.12.18,1.2243,1.22485,16615
2020.12.18,1.22426,1.22492,14541
2020.12.18,1.22385,1.22431,5501
2020.12.18,1.22348,1.22532,7778
2020.12.18,1.22253,1.22365,20578
2020.12.17,1.22581,1.22665,10421
2020.12.17,1.22389,1.22601,20294
2020.12.17,1.2225,1.22416,18957
2020.12.17,1.22238,1.22324,16665
2020.12.17,1.2201,1.2225700000000002,7581
2020.12.17,1.21897,1.22022,5502
2020.12.16,1.21523,1.2206,21563
2020.12.16,1.21788,1.21875,18039
2020.12.16,1.21625,1.21686,21528
2020.12.16,1.21248,1.21977,24862
2020.12.16,1.21509,1.21622,5008
2020.12.16,1.21449,1.21509,4366
2020.12.15,1.21488,1.21494,9545
2020.12.15,1.21209,1.21393,19746
2020.12.15,1.21449,1.21546,6677
2020.12.15,1.21314,1.21577,15220
2020.12.15,1.21379,1.2160799999999998,19145
2020.12.15,1.21404,1.2159799999999998,5976
2020.12.14,1.21476,1.21712,18494
2020.12.14,1.21228,1.21573,24204
2020.12.14,1.21389,1.21422,7795
2020.12.14,1.21383,1.21576,15487
2020.12.14,1.21154,1.21289,8303
2020.12.14,1.21282,1.21404,5119
2020.12.11,1.21123,1.21174,21255
2020.12.11,1.21509,1.2155200000000002,6590
2020.12.11,1.21336,1.21555,6705
2020.12.11,1.21101,1.21154,23879
2020.12.11,1.21052,1.21164,25124
2020.12.11,1.21094,1.21117,9587
2020.12.10,1.20965,1.21199,40275
2020.12.10,1.21131,1.2135200000000002,11933
2020.12.10,1.2081,1.21256,31818
2020.12.10,1.20832,1.21059,18191
2020.12.10,1.20807,1.2096,7293
2020.12.10,1.20629,1.20816,5814
2020.12.09,1.2119799999999998,1.21255,16837
2020.12.09,1.21009,1.21203,20682
2020.12.09,1.21102,1.21309,6289
2020.12.09,1.20586,1.20723,28365
2020.12.09,1.20997,1.21111,4920
2020.12.09,1.20605,1.20791,12453
2020.12.08,1.2095200000000002,1.2129299999999998,19816
2020.12.08,1.2099799999999998,1.21151,24259
2020.12.08,1.21071,1.2118,26668
2020.12.08,1.2105,1.21182,5903
2020.12.08,1.20999,1.21014,7251
2020.12.08,1.2104,1.21069,5672
2020.12.07,1.21296,1.2133,22458
2020.12.07,1.2130299999999998,1.21316,5015
2020.12.07,1.2085,1.2137,23702
2020.12.07,1.21177,1.21349,7771
2020.12.07,1.21064,1.21082,12674
2020.12.07,1.20784,1.20928,23154
2020.12.04,1.21314,1.21456,29772
2020.12.04,1.21436,1.21667,19667
2020.12.04,1.2133,1.21434,26251
2020.12.04,1.21393,1.21438,6684
2020.12.04,1.2109,1.21192,10868
2020.12.04,1.2138799999999998,1.21499,6412
2020.12.03,1.21376,1.2146,25160
2020.12.03,1.21038,1.21508,22015
2020.12.03,1.21325,1.21392,9977
2020.12.03,1.2100799999999998,1.2111299999999998,18450
2020.12.03,1.21117,1.21194,5900
2020.12.03,1.21039,1.21131,6617
2020.12.02,1.20898,1.2114200000000002,9168
2020.12.02,1.206,1.2093200000000002,27602
2020.12.02,1.20454,1.20535,23070
2020.12.02,1.20663,1.20679,7475
2020.12.02,1.2039799999999998,1.20658,21807
2020.12.02,1.20604,1.2068299999999998,7096
2020.12.01,1.20426,1.2068,10925
2020.12.01,1.1975,1.20449,34279
2020.12.01,1.196,1.1992,17456
2020.12.01,1.19539,1.19805,16327
2020.12.01,1.19478,1.19568,5472
2020.12.01,1.19239,1.19492,6452
2020.11.30,1.19416,1.19542,33048
2020.11.30,1.1973,1.19862,15016
2020.11.30,1.19621,1.19844,15013
2020.11.30,1.19649,1.19721,5697
2020.11.30,1.19589,1.19737,6866
2020.11.30,1.19214,1.19247,10190
2020.11.27,1.19498,1.19595,4060
2020.11.27,1.19311,1.19565,17649
2020.11.27,1.1914,1.19365,14100
2020.11.27,1.19145,1.1922700000000002,11460
2020.11.27,1.191,1.19267,4438
2020.11.27,1.19055,1.19134,3977
2020.11.26,1.19019,1.19034,13785
2020.11.26,1.19069,1.19264,3886
2020.11.26,1.1919799999999998,1.19259,5013
2020.11.26,1.19075,1.19115,3505
2020.11.26,1.18851,1.18979,12412
2020.11.26,1.18929,1.19129,9465
2020.11.25,1.18909,1.19046,22307
2020.11.25,1.18913,1.19155,22562
2020.11.25,1.19076,1.19149,8568
2020.11.25,1.1881700000000002,1.19041,17202
2020.11.25,1.18954,1.1897799999999998,8572
2020.11.25,1.18875,1.18979,6414
2020.11.24,1.18676,1.18898,7734
2020.11.24,1.18502,1.1854,16763
2020.11.24,1.18459,1.18833,15048
2020.11.24,1.18411,1.18726,20930
2020.11.24,1.18414,1.18518,6383
2020.11.24,1.18343,1.1841700000000002,6930
2020.11.23,1.18754,1.18994,16921
2020.11.23,1.17997,1.18411,28006
2020.11.23,1.1862700000000002,1.18775,14271
2020.11.23,1.18511,1.18765,5438
2020.11.23,1.18713,1.18765,2922
2020.11.23,1.18347,1.1839,7168
2020.11.20,1.18704,1.18839,6895
2020.11.20,1.1856,1.18591,16722
2020.11.20,1.18511,1.18677,15782
2020.11.20,1.1865,1.18765,5922
2020.11.20,1.18498,1.1854,14158
2020.11.20,1.18496,1.18581,6217
2020.11.19,1.18461,1.18735,7825
2020.11.19,1.18318,1.1842700000000002,8421
2020.11.19,1.18215,1.18294,18422
2020.11.19,1.1840700000000002,1.18503,6934
2020.11.19,1.18182,1.18462,17290
2020.11.19,1.18161,1.18301,16698
2020.11.18,1.18691,1.1888,15009
2020.11.18,1.18513,1.18592,18596
2020.11.18,1.18535,1.18731,6332
2020.11.18,1.1854,1.18694,17214
2020.11.18,1.18484,1.1852,8176
2020.11.18,1.18503,1.18545,7304
2020.11.17,1.18651,1.18858,17093
2020.11.17,1.18572,1.18628,19132
2020.11.17,1.18423,1.18678,15564
2020.11.17,1.18594,1.18608,6055
2020.11.17,1.18539,1.18561,5050
2020.11.17,1.18492,1.18598,7878
2020.11.16,1.18403,1.18448,13818
2020.11.16,1.18366,1.18499,6560
2020.11.16,1.18451,1.18469,5355
2020.11.16,1.18139,1.18209,33627
2020.11.16,1.182,1.18479,8264
2020.11.16,1.18186,1.1841700000000002,17826
2020.11.13,1.1824,1.18318,6628
2020.11.13,1.18081,1.18205,14928
2020.11.13,1.18131,1.1826299999999998,16650
2020.11.13,1.18006,1.18266,14849
2020.11.13,1.18002,1.18085,7384
2020.11.13,1.17987,1.18062,6532
2020.11.12,1.17898,1.18093,19920
2020.11.12,1.17871,1.17999,22758
2020.11.12,1.17584,1.1809,19127
2020.11.12,1.1796,1.18036,10272
2020.11.12,1.17717,1.17818,6930
2020.11.12,1.17676,1.17737,7398
2020.11.11,1.18211,1.18247,8063
2020.11.11,1.17796,1.17928,19959
2020.11.11,1.1806,1.1827,9284
2020.11.11,1.17535,1.17584,23986
2020.11.11,1.1769,1.17761,5734
2020.11.11,1.17453,1.17728,18301
2020.11.10,1.18,1.18064,28349
2020.11.10,1.18228,1.18333,14332
2020.11.10,1.18009,1.18195,37918
2020.11.10,1.18068,1.1824,15946
2020.11.10,1.18031,1.18141,11964
2020.11.10,1.17796,1.18101,33718
2020.11.09,1.17952,1.18185,58770
2020.11.09,1.18599,1.18927,56171
2020.11.09,1.18646,1.18737,24295
2020.11.09,1.18799,1.18804,9438
2020.11.09,1.18787,1.18878,14004
2020.11.09,1.1802700000000002,1.18121,17254
2020.11.06,1.18509,1.18809,36193
2020.11.06,1.18464,1.18889,30134
2020.11.06,1.18705,1.18741,8565
2020.11.06,1.18129,1.1853,24147
2020.11.06,1.17953,1.18119,19635
2020.11.06,1.18075,1.18144,14691
2020.11.05,1.17887,1.1839,33670
2020.11.05,1.17949,1.18167,18519
2020.11.05,1.1791,1.18032,32614
2020.11.05,1.1727299999999998,1.17943,31165
2020.11.05,1.17107,1.1736,13372
2020.11.05,1.17108,1.17212,12342
2020.11.04,1.16739,1.16836,45739
2020.11.04,1.16721,1.1710200000000002,39173
2020.11.04,1.16802,1.17148,37692
2020.11.04,1.171,1.17236,14080
2020.11.04,1.16281,1.16756,42883
2020.11.04,1.16025,1.16588,66099
2020.11.03,1.17023,1.17093,18153
2020.11.03,1.16955,1.17111,9062
2020.11.03,1.16916,1.17043,16524
2020.11.03,1.16531,1.16965,17297
2020.11.03,1.16471,1.16546,6781
2020.11.03,1.16283,1.16498,5103
2020.11.02,1.16361,1.1637,17867
2020.11.02,1.16218,1.16402,21702
2020.11.02,1.16375,1.16417,9041
2020.11.02,1.16299,1.16371,7192
2020.11.02,1.16226,1.16399,7464
2020.11.02,1.16236,1.16274,17248
2020.10.30,1.16644,1.16992,22483
2020.10.30,1.16419,1.16509,29340
2020.10.30,1.16723,1.16813,8207
2020.10.30,1.16603,1.16686,19257
2020.10.30,1.1667,1.16741,5825
2020.10.30,1.16398,1.16455,10531
2020.10.29,1.17439,1.17525,7251
2020.10.29,1.17245,1.17291,16767
2020.10.29,1.17428,1.17513,5337
2020.10.29,1.16949,1.1704,24215
2020.10.29,1.16547,1.16604,39468
2020.10.29,1.165,1.16728,10016
2020.10.28,1.17686,1.17788,10543
2020.10.28,1.17743,1.17793,6793
2020.10.28,1.17497,1.17646,16926
2020.10.28,1.17176,1.17265,23202
2020.10.28,1.17205,1.1751,29400
2020.10.28,1.17442,1.17449,11100
2020.10.27,1.18197,1.18289,16858
2020.10.27,1.17961,1.18092,13385
2020.10.27,1.1800700000000002,1.18272,14835
2020.10.27,1.17916,1.17942,7937
2020.10.27,1.18153,1.18243,5462
2020.10.27,1.18058,1.18206,4758
2020.10.26,1.18393,1.18442,7999
2020.10.26,1.18321,1.18328,6555
2020.10.26,1.18129,1.18181,15627
2020.10.26,1.18031,1.18132,17521
2020.10.26,1.1806,1.1808299999999998,8242
2020.10.26,1.18076,1.18239,19465
2020.10.23,1.18422,1.18589,6690
2020.10.23,1.18341,1.18529,15375
2020.10.23,1.1825,1.18431,16990
2020.10.23,1.17913,1.18385,17587
2020.10.23,1.17866,1.17996,9991
2020.10.23,1.1795,1.18018,8346
2020.10.22,1.18401,1.18443,16328
2020.10.22,1.18424,1.18457,6949
2020.10.22,1.18381,1.18447,7041
2020.10.22,1.1811200000000002,1.18258,18308
2020.10.22,1.18153,1.1822,21296
2020.10.22,1.18157,1.18167,6191
2020.10.21,1.18439,1.18733,23531
2020.10.21,1.18538,1.18608,8485
2020.10.21,1.18426,1.18505,19932
2020.10.21,1.18414,1.18623,19290
2020.10.21,1.183,1.18475,8194
2020.10.21,1.18196,1.18333,5362
2020.10.20,1.18075,1.1826299999999998,19519
2020.10.20,1.18183,1.18205,8337
2020.10.20,1.17808,1.18087,16833
2020.10.20,1.1759700000000002,1.17818,14708
2020.10.20,1.17639,1.17769,6267
2020.10.20,1.1763,1.17747,5750
2020.10.19,1.17726,1.17816,17581
2020.10.19,1.17371,1.17772,16256
2020.10.19,1.17639,1.17679,8491
2020.10.19,1.1703,1.17375,14350
2020.10.19,1.17039,1.17054,7301
2020.10.19,1.17111,1.17234,5749
2020.10.16,1.17023,1.17326,22189
2020.10.16,1.17131,1.17188,19125
2020.10.16,1.17118,1.17154,7467
2020.10.16,1.16938,1.17045,14829
2020.10.16,1.17019,1.17027,6830
2020.10.16,1.17003,1.17119,5342
2020.10.15,1.17029,1.17064,18219
2020.10.15,1.17429,1.1752200000000002,7876
2020.10.15,1.17404,1.17478,5604
2020.10.15,1.1692,1.1699,19953
2020.10.15,1.16925,1.1706299999999998,7390
2020.10.15,1.16882,1.1697,23467
2020.10.14,1.17453,1.1751200000000002,17433
2020.10.14,1.1719700000000002,1.17611,19864
2020.10.14,1.17437,1.17453,7802
2020.10.14,1.17285,1.17402,14979
2020.10.14,1.1737799999999998,1.17453,4157
2020.10.14,1.1735,1.17424,8118
2020.10.13,1.17939,1.17999,5576
2020.10.13,1.17904,1.17981,7168
2020.10.13,1.17781,1.17932,16376
2020.10.13,1.17831,1.17908,15043
2020.10.13,1.17303,1.17344,23339
2020.10.13,1.17308,1.17432,6833
2020.10.12,1.18056,1.18109,14810
2020.10.12,1.181,1.18126,7183
2020.10.12,1.18084,1.18183,6817
2020.10.12,1.18019,1.18106,14300
2020.10.12,1.18046,1.18099,6055
2020.10.12,1.17867,1.18095,13367
2020.10.09,1.18179,1.18284,7011
2020.10.09,1.1800700000000002,1.18231,21026
2020.10.09,1.17913,1.18089,16120
2020.10.09,1.17665,1.1801700000000002,15490
2020.10.09,1.17599,1.17751,7624
2020.10.09,1.17509,1.17608,4766
2020.10.08,1.17556,1.17606,16805
2020.10.08,1.17594,1.17685,7048
2020.10.08,1.17588,1.17649,5012
2020.10.08,1.17519,1.17551,16766
2020.10.08,1.17514,1.17588,6869
2020.10.08,1.17326,1.17544,21309
2020.10.07,1.17491,1.17782,22126
2020.10.07,1.17577,1.17716,24261
2020.10.07,1.17587,1.17592,9574
2020.10.07,1.17296,1.17577,20014
2020.10.07,1.17292,1.17352,6817
2020.10.07,1.17248,1.17335,8015
2020.10.06,1.17728,1.17913,19701
2020.10.06,1.17727,1.17808,24033
2020.10.06,1.17652,1.17775,19295
2020.10.06,1.17857,1.17884,7254
2020.10.06,1.17774,1.17905,4988
2020.10.06,1.17308,1.17325,27345
2020.10.05,1.17639,1.1786299999999998,22909
2020.10.05,1.17713,1.17814,8141
2020.10.05,1.17461,1.17638,18495
2020.10.05,1.17195,1.1749,19830
2020.10.05,1.17212,1.17321,8223
2020.10.05,1.17049,1.17251,8476
2020.10.02,1.17335,1.17346,5972
2020.10.02,1.16956,1.17137,48688
2020.10.02,1.17031,1.17058,11535
2020.10.02,1.16985,1.17081,33186
2020.10.02,1.16994,1.17175,36447
2020.10.02,1.17094,1.17156,12758
2020.10.01,1.17234,1.17546,33872
2020.10.01,1.17209,1.17446,40276
2020.10.01,1.17221,1.17244,29843
2020.10.01,1.17347,1.1748299999999998,12508
2020.10.01,1.17175,1.1747,8945
2020.10.01,1.17171,1.17181,5739
2020.09.30,1.17276,1.17342,12615
2020.09.30,1.16844,1.17213,46375
2020.09.30,1.17359,1.17379,5961
2020.09.30,1.1706,1.17096,27273
2020.09.30,1.17097,1.17189,20437
2020.09.30,1.16937,1.17095,25902
2020.09.29,1.17318,1.17419,9663
2020.09.29,1.16948,1.17374,29572
2020.09.29,1.16808,1.1703,24606
2020.09.29,1.1665,1.16831,22577
2020.09.29,1.16599,1.16767,5941
2020.09.29,1.16668,1.16761,6799
2020.09.28,1.16422,1.16557,27151
2020.09.28,1.16374,1.16629,24484
2020.09.28,1.16535,1.16614,10455
2020.09.28,1.16225,1.16408,19741
2020.09.28,1.16162,1.16314,7947
2020.09.28,1.1615,1.16162,8498
2020.09.25,1.16515,1.16556,24117
2020.09.25,1.16641,1.16678,7488
2020.09.25,1.1661700000000002,1.16677,8944
2020.09.25,1.1627299999999998,1.16367,29812
2020.09.25,1.1612,1.16191,30674
2020.09.25,1.16153,1.16281,11738
2020.09.24,1.16611,1.1671200000000002,19339
2020.09.24,1.16524,1.16526,11979
2020.09.24,1.16443,1.1656799999999998,24289
2020.09.24,1.16518,1.16729,9820
2020.09.24,1.16307,1.16623,40826
2020.09.24,1.16264,1.16394,25115
2020.09.23,1.16851,1.16914,24215
2020.09.23,1.16779,1.16802,8830
2020.09.23,1.16719,1.1704,28850
2020.09.23,1.1664,1.16811,33467
2020.09.23,1.16747,1.16783,14064
2020.09.23,1.16511,1.16587,17378
2020.09.22,1.17557,1.17679,8158
2020.09.22,1.17527,1.17686,11180
2020.09.22,1.17201,1.17445,31204
2020.09.22,1.17331,1.17505,28682
2020.09.22,1.16916,1.17039,41683
2020.09.22,1.17024,1.17066,12045
2020.09.21,1.18541,1.18664,8161
2020.09.21,1.1791200000000002,1.1801,28465
2020.09.21,1.18389,1.18592,6924
2020.09.21,1.1763,1.17696,30028
2020.09.21,1.17316,1.17405,39028
2020.09.21,1.1735799999999998,1.17696,15593
2020.09.18,1.1826,1.18655,27071
2020.09.18,1.184,1.1859,17588
2020.09.18,1.18379,1.18406,12543
2020.09.18,1.18304,1.18441,21348
2020.09.18,1.1842,1.18537,7779
2020.09.18,1.1843,1.18485,10997
2020.09.17,1.18212,1.1847,13517
2020.09.17,1.17936,1.1822,35132
2020.09.17,1.17686,1.17771,8696
2020.09.17,1.17829,1.1808,29943
2020.09.17,1.17554,1.18037,31906
2020.09.17,1.17372,1.17585,19571
2020.09.16,1.18457,1.1857799999999998,22132
2020.09.16,1.18409,1.18656,14702
2020.09.16,1.18091,1.1833,31133
2020.09.16,1.17875,1.18145,54241
2020.09.16,1.18287,1.18343,5934
2020.09.16,1.18286,1.18476,8238
2020.09.15,1.18682,1.18748,22149
2020.09.15,1.18758,1.18816,18240
2020.09.15,1.18639,1.18936,9228
2020.09.15,1.18393,1.18526,25999
2020.09.15,1.18586,1.18685,4186
2020.09.15,1.18437,1.18453,9407
2020.09.14,1.18645,1.18667,21474
2020.09.14,1.1849299999999998,1.18775,18708
2020.09.14,1.18593,1.18635,8457
2020.09.14,1.18425,1.18564,15378
2020.09.14,1.18338,1.18471,5599
2020.09.14,1.18318,1.18344,4927
2020.09.11,1.18345,1.1846299999999998,21703
2020.09.11,1.1828299999999998,1.18565,19739
2020.09.11,1.18277,1.18371,23362
2020.09.11,1.18262,1.1845,12832
2020.09.11,1.18301,1.18352,6889
2020.09.11,1.18097,1.18347,6890
2020.09.10,1.18477,1.18574,48405
2020.09.10,1.18289,1.18875,43179
2020.09.10,1.18099,1.18139,23767
2020.09.10,1.18158,1.18341,17620
2020.09.10,1.1807,1.18191,6949
2020.09.10,1.17984,1.181,5637
2020.09.09,1.17918,1.18032,34776
2020.09.09,1.17526,1.17983,27655
2020.09.09,1.1798799999999998,1.1802700000000002,9030
2020.09.09,1.1760700000000002,1.17632,23303
2020.09.09,1.1767,1.17783,7807
2020.09.09,1.1755799999999998,1.17755,9159
2020.09.08,1.17977,1.1808299999999998,22173
2020.09.08,1.18048,1.18067,4776
2020.09.08,1.17774,1.18004,35698
2020.09.08,1.17951,1.1811,5935
2020.09.08,1.17654,1.17959,44498
2020.09.08,1.17718,1.17726,13833
2020.09.07,1.18243,1.18324,17918
2020.09.07,1.18304,1.18359,6823
2020.09.07,1.18298,1.18338,6532
2020.09.07,1.18125,1.18223,14933
2020.09.07,1.18147,1.1816,9638
2020.09.07,1.18109,1.18118,6795
2020.09.04,1.18333,1.1859,20986
2020.09.04,1.18016,1.18114,34790
2020.09.04,1.18406,1.18515,8599
2020.09.04,1.1838799999999998,1.18524,7818
2020.09.04,1.18318,1.18384,16790
2020.09.04,1.1780700000000002,1.1835,49318
2020.09.03,1.18317,1.18502,15401
2020.09.03,1.18298,1.18311,5376
2020.09.03,1.18109,1.18331,37656
2020.09.03,1.18016,1.18323,24805
2020.09.03,1.18044,1.18101,11323
2020.09.03,1.17887,1.18324,26414
2020.09.02,1.19061,1.1907299999999998,6113
2020.09.02,1.18523,1.18571,24688
2020.09.02,1.18917,1.1905,10294
2020.09.02,1.18451,1.18589,28642
2020.09.02,1.1822,1.18478,34759
2020.09.02,1.1823,1.18536,14307
2020.09.01,1.19318,1.19338,40549
2020.09.01,1.19411,1.19872,18465
2020.09.01,1.19615,1.19731,32825
2020.09.01,1.19634,1.19885,28250
2020.09.01,1.19275,1.1941,5856
2020.09.01,1.19012,1.19105,17281
2020.08.31,1.19211,1.1944,29422
2020.08.31,1.19255,1.1935,12173
2020.08.31,1.19076,1.19339,21049
2020.08.31,1.18937,1.19076,12956
2020.08.31,1.18965,1.19009,10962
2020.08.31,1.1884,1.19078,21926
2020.08.28,1.18744,1.18856,28992
2020.08.28,1.18608,1.19089,39266
2020.08.28,1.18672,1.18882,39671
2020.08.28,1.18834,1.19051,11233
2020.08.28,1.18146,1.18733,13346
2020.08.28,1.18108,1.18171,7845
2020.08.27,1.17622,1.17972,89469
2020.08.27,1.18242,1.18327,9219
2020.08.27,1.18257,1.18393,6328
2020.08.27,1.1794,1.18325,24406
2020.08.27,1.18165,1.18338,19898
2020.08.27,1.17928,1.1820700000000002,20986
2020.08.26,1.18147,1.18289,10099
2020.08.26,1.1827299999999998,1.18286,4814
2020.08.26,1.1781,1.1832200000000002,27782
2020.08.26,1.18098,1.18119,6680
2020.08.26,1.17721,1.17884,23477
2020.08.26,1.18005,1.18141,23515
2020.08.25,1.18049,1.18118,31358
2020.08.25,1.18037,1.18164,20729
2020.08.25,1.18111,1.18332,9106
2020.08.25,1.1797799999999998,1.18235,18812
2020.08.25,1.17963,1.18104,8418
2020.08.25,1.1784,1.17985,5998
2020.08.24,1.18214,1.18419,18241
2020.08.24,1.17913,1.17993,27081
2020.08.24,1.17909,1.18218,16906
2020.08.24,1.17887,1.17947,6589
2020.08.24,1.17844,1.17942,7044
2020.08.24,1.17841,1.17867,9332
2020.08.21,1.17991,1.18125,28667
2020.08.21,1.1862700000000002,1.18769,8046
2020.08.21,1.18535,1.18742,7687
2020.08.21,1.17601,1.17849,31128
2020.08.21,1.17694,1.17954,9161
2020.08.21,1.1754,1.17723,30017
2020.08.20,1.1812,1.18365,30273
2020.08.20,1.1802,1.18539,38311
2020.08.20,1.18486,1.18592,12508
2020.08.20,1.18212,1.18305,30167
2020.08.20,1.1831200000000002,1.18476,10413
2020.08.20,1.18356,1.18445,7418
2020.08.19,1.19276,1.1931,9701
2020.08.19,1.19269,1.19476,9130
2020.08.19,1.19254,1.19306,20108
2020.08.19,1.18653,1.18774,32164
2020.08.19,1.19219,1.19403,22140
2020.08.19,1.1830200000000002,1.18369,32850
2020.08.18,1.1917799999999998,1.19357,34617
2020.08.18,1.1897,1.19361,25640
2020.08.18,1.19279,1.19303,9058
2020.08.18,1.18824,1.19102,26885
2020.08.18,1.18831,1.18917,9643
2020.08.18,1.18603,1.18905,6074
2020.08.17,1.1851200000000002,1.18675,21427
2020.08.17,1.18601,1.1869,6923
2020.08.17,1.18285,1.18381,19636
2020.08.17,1.18432,1.18564,6713
2020.08.17,1.18338,1.1856799999999998,21160
2020.08.17,1.18281,1.1847299999999998,4994
2020.08.14,1.18338,1.18402,9219
2020.08.14,1.18103,1.1845,27794
2020.08.14,1.17816,1.18184,24126
2020.08.14,1.17906,1.18161,22049
2020.08.14,1.18071,1.18094,5803
2020.08.14,1.18014,1.18131,8558
2020.08.13,1.18131,1.18171,30488
2020.08.13,1.1823,1.18488,28526
2020.08.13,1.18004,1.18381,25125
2020.08.13,1.17933,1.18121,15166
2020.08.13,1.18003,1.18009,10306
2020.08.13,1.17782,1.18064,6408
2020.08.12,1.17719,1.17913,37717
2020.08.12,1.17824,1.17828,12123
2020.08.12,1.17442,1.17904,31272
2020.08.12,1.17121,1.17475,25760
2020.08.12,1.17258,1.17338,8428
2020.08.12,1.1711,1.17142,17688
2020.08.11,1.17713,1.17973,32660
2020.08.11,1.17567,1.1771,37419
2020.08.11,1.17226,1.17723,27637
2020.08.11,1.17281,1.17388,20428
2020.08.11,1.1723,1.1752,8319
2020.08.11,1.17219,1.17246,6462
2020.08.10,1.1752200000000002,1.17723,20572
2020.08.10,1.17897,1.17908,6781
2020.08.10,1.17723,1.17938,8810
2020.08.10,1.17465,1.17532,26260
2020.08.10,1.17405,1.17675,19569
2020.08.10,1.17349,1.17365,10678
2020.08.07,1.18698,1.1874,6296
2020.08.07,1.18195,1.1835,19090
2020.08.07,1.18209,1.18326,24584
2020.08.07,1.18019,1.18309,35293
2020.08.07,1.1755,1.1769,45334
2020.08.07,1.17662,1.17844,12191
2020.08.06,1.1838,1.18423,38339
2020.08.06,1.18631,1.18754,15531
2020.08.06,1.18177,1.188,39999
2020.08.06,1.18593,1.18785,6586
2020.08.06,1.18626,1.18791,11639
2020.08.06,1.18318,1.18487,30168
2020.08.05,1.1862700000000002,1.18731,33760
2020.08.05,1.18314,1.18776,28703
2020.08.05,1.18544,1.18619,8528
2020.08.05,1.17991,1.18401,22541
2020.08.05,1.18048,1.18167,9603
2020.08.05,1.17916,1.18092,7952
2020.08.04,1.1722,1.17281,28366
2020.08.04,1.17744,1.18019,11364
2020.08.04,1.17639,1.17924,25055
2020.08.04,1.17212,1.17775,29897
2020.08.04,1.17532,1.17738,8742
2020.08.04,1.17513,1.17535,6353
2020.08.03,1.17405,1.17532,16126
2020.08.03,1.17487,1.1779,23532
2020.08.03,1.17448,1.17755,15973
2020.08.03,1.17058,1.17074,22948
2020.08.03,1.17468,1.1760700000000002,10954
2020.08.03,1.16955,1.1749,27748
2020.07.31,1.1852,1.18577,30690
2020.07.31,1.1861700000000002,1.18975,20728
2020.07.31,1.18354,1.1866,17975
2020.07.31,1.1827299999999998,1.18436,27149
2020.07.31,1.17614,1.17911,51306
2020.07.31,1.17684,1.17708,19989
2020.07.30,1.18019,1.18457,18417
2020.07.30,1.17738,1.18035,46964
2020.07.30,1.1772200000000002,1.17796,6429
2020.07.30,1.17656,1.1768299999999998,10756
2020.07.30,1.17307,1.1777,23870
2020.07.30,1.17401,1.17418,25919
2020.07.29,1.17537,1.1790200000000002,37303
2020.07.29,1.17419,1.17734,27957
2020.07.29,1.17245,1.17506,22205
2020.07.29,1.17183,1.17433,23591
2020.07.29,1.1715,1.17295,10934
2020.07.29,1.17116,1.17214,5932
2020.07.28,1.17141,1.1731200000000002,19901
2020.07.28,1.17441,1.17661,9776
2020.07.28,1.17001,1.17329,26370
2020.07.28,1.17079,1.17345,37505
2020.07.28,1.16985,1.1721,26725
2020.07.28,1.17121,1.17145,11902
2020.07.27,1.17279,1.17448,31164
2020.07.27,1.17422,1.17501,10795
2020.07.27,1.16818,1.17391,29976
2020.07.27,1.1685,1.1705,18722
2020.07.27,1.16894,1.16952,24598
2020.07.27,1.16406,1.16885,16401
2020.07.24,1.16339,1.16539,12827
2020.07.24,1.15978,1.16349,35167
2020.07.24,1.15901,1.16002,30889
2020.07.24,1.15949,1.15981,11359
2020.07.24,1.1581,1.16147,25864
2020.07.24,1.15897,1.16139,8409
2020.07.23,1.15402,1.16202,36336
2020.07.23,1.15886,1.15949,22150
2020.07.23,1.15704,1.1588200000000002,20640
2020.07.23,1.15415,1.15419,24210
2020.07.23,1.15642,1.15803,9155
2020.07.23,1.15641,1.15675,6452
2020.07.22,1.15707,1.1577,36149
2020.07.22,1.15164,1.15956,35661
2020.07.22,1.15627,1.15686,10827
2020.07.22,1.1529200000000002,1.1539,9745
2020.07.22,1.15067,1.15221,32238
2020.07.22,1.15219,1.1531,7601
2020.07.21,1.15124,1.15256,15006
2020.07.21,1.1425,1.1516,31958
2020.07.21,1.14228,1.14305,12699
2020.07.21,1.14279,1.14432,24496
2020.07.21,1.14406,1.14553,4980
2020.07.21,1.14298,1.14386,22639
2020.07.20,1.14357,1.14575,26826
2020.07.20,1.14156,1.14182,23068
2020.07.20,1.14334,1.14462,7782
2020.07.20,1.14021,1.14384,25191
2020.07.20,1.14044,1.14222,10212
2020.07.20,1.14125,1.14422,11398
2020.07.17,1.14246,1.14249,9700
2020.07.17,1.1416,1.14352,19596
2020.07.17,1.14093,1.14188,16161
2020.07.17,1.13779,1.14163,14018
2020.07.17,1.13774,1.1387200000000002,7645
2020.07.17,1.13743,1.13846,7120
2020.07.16,1.13993,1.14091,25117
2020.07.16,1.13779,1.14109,24041
2020.07.16,1.14061,1.14146,4867
2020.07.16,1.14001,1.14059,8722
2020.07.16,1.13855,1.1392799999999998,19573
2020.07.16,1.13703,1.13822,13453
2020.07.15,1.14012,1.14071,27217
2020.07.15,1.14256,1.14349,19665
2020.07.15,1.13909,1.14369,19410
2020.07.15,1.1389200000000002,1.14127,7888
2020.07.15,1.13939,1.1395,9450
2020.07.15,1.14026,1.14106,8783
2020.07.14,1.13612,1.1403,36309
2020.07.14,1.13867,1.13986,12445
2020.07.14,1.1347200000000002,1.13717,22713
2020.07.14,1.1325,1.13506,17147
2020.07.14,1.13398,1.13448,5705
2020.07.14,1.13351,1.13448,8294
2020.07.13,1.13252,1.13674,23090
2020.07.13,1.13404,1.13428,15373
2020.07.13,1.1304,1.13255,17568
2020.07.13,1.13007,1.13084,18112
2020.07.13,1.13139,1.1322299999999998,6941
2020.07.13,1.12979,1.13142,6034
2020.07.10,1.1293,1.12995,26087
2020.07.10,1.1293799999999998,1.12956,8538
2020.07.10,1.12734,1.1293,17184
2020.07.10,1.12546,1.12855,19069
2020.07.10,1.12708,1.12752,4222
2020.07.10,1.12678,1.12709,7202
2020.07.09,1.13275,1.13648,10941
2020.07.09,1.13251,1.13291,20966
2020.07.09,1.13162,1.13435,21707
2020.07.09,1.12851,1.12905,39633
2020.07.09,1.13254,1.13336,5125
2020.07.09,1.12791,1.12835,9677
2020.07.08,1.12873,1.13358,29627
2020.07.08,1.13275,1.13287,11300
2020.07.08,1.12658,1.1288200000000002,18536
2020.07.08,1.12622,1.1278700000000002,17701
2020.07.08,1.12649,1.12689,5867
2020.07.08,1.12681,1.12762,7802
2020.07.07,1.13039,1.1326200000000002,5572
2020.07.07,1.1306200000000002,1.13113,10197
2020.07.07,1.12629,1.1264299999999998,19887
2020.07.07,1.12712,1.12901,23362
2020.07.07,1.12586,1.12979,18272
2020.07.07,1.12685,1.12722,11655
2020.07.06,1.1302299999999998,1.13063,22651
2020.07.06,1.12826,1.13295,20454
2020.07.06,1.1305,1.13078,7767
2020.07.06,1.1281,1.12903,19210
2020.07.06,1.1261,1.12915,6942
2020.07.06,1.12387,1.12641,5077
2020.07.03,1.12288,1.12439,35106
2020.07.03,1.1228,1.12289,7545
2020.07.03,1.12256,1.12417,11108
2020.07.03,1.12241,1.12334,16812
2020.07.03,1.12284,1.12399,3311
2020.07.03,1.12191,1.12291,15055
2020.07.02,1.12615,1.1297,16544
2020.07.02,1.12635,1.12635,22974
2020.07.02,1.12232,1.12283,34201
2020.07.02,1.12487,1.12647,6479
2020.07.02,1.12467,1.12515,4499
2020.07.02,1.12267,1.12382,7340
2020.07.01,1.12139,1.1264299999999998,28717
2020.07.01,1.12431,1.12497,10540
2020.07.01,1.12156,1.1231,16054
2020.07.01,1.12149,1.1218,7606
2020.07.01,1.12274,1.12306,3833
2020.07.01,1.11847,1.12176,25898
2020.06.30,1.12032,1.1243,34061
2020.06.30,1.1231,1.1238,5577
2020.06.30,1.1226,1.12329,12890
2020.06.30,1.1236,1.12384,5666
2020.06.30,1.12039,1.12189,17885
2020.06.30,1.11907,1.12089,20586
2020.06.29,1.12492,1.12858,19472
2020.06.29,1.12245,1.1227200000000002,26231
2020.06.29,1.12404,1.1254,19674
2020.06.29,1.12288,1.12417,9269
2020.06.29,1.12192,1.12403,9193
2020.06.29,1.12139,1.12292,6184
2020.06.26,1.12048,1.1239,17257
2020.06.26,1.12065,1.12186,19030
2020.06.26,1.12164,1.1217,10726
2020.06.26,1.1195,1.12293,27543
2020.06.26,1.12137,1.12236,7218
2020.06.26,1.12081,1.12158,7672
2020.06.25,1.12397,1.12484,11836
2020.06.25,1.12456,1.12558,7309
2020.06.25,1.12237,1.12295,30101
2020.06.25,1.11903,1.12111,33576
2020.06.25,1.12029,1.1227200000000002,32260
2020.06.25,1.12141,1.12164,11363
2020.06.24,1.13089,1.13144,10379
2020.06.24,1.12868,1.13012,22567
2020.06.24,1.13063,1.13173,6851
2020.06.24,1.12684,1.12736,30085
2020.06.24,1.12571,1.12782,38347
2020.06.24,1.1247200000000002,1.12494,15420
2020.06.23,1.13068,1.13085,30364
2020.06.23,1.12822,1.13296,30458
2020.06.23,1.13017,1.13066,12312
2020.06.23,1.12565,1.12903,33063
2020.06.23,1.12569,1.12668,9138
2020.06.23,1.12329,1.12615,31496
2020.06.22,1.12206,1.12609,28494
2020.06.22,1.1252799999999998,1.12593,9535
2020.06.22,1.12031,1.12205,21494
2020.06.22,1.1188,1.1224299999999998,24409
2020.06.22,1.11798,1.12032,9505
2020.06.22,1.11682,1.118,9701
2020.06.19,1.11942,1.12378,30818
2020.06.19,1.11681,1.11924,48230
2020.06.19,1.12034,1.12159,19723
2020.06.19,1.11987,1.12132,11537
2020.06.19,1.11976,1.12035,8689
2020.06.19,1.11709,1.1175700000000002,15749
2020.06.18,1.12142,1.1227200000000002,37139
2020.06.18,1.12248,1.12552,15378
2020.06.18,1.12298,1.12491,26761
2020.06.18,1.1237700000000002,1.12411,9459
2020.06.18,1.11922,1.11933,34619
2020.06.18,1.11855,1.12049,14412
2020.06.17,1.12507,1.12575,31079
2020.06.17,1.12522,1.12673,12466
2020.06.17,1.12548,1.12713,14621
2020.06.17,1.1222299999999998,1.1236700000000002,37332
2020.06.17,1.12067,1.12308,44431
2020.06.17,1.12285,1.1242299999999998,15540
2020.06.16,1.1315,1.1336,33633
2020.06.16,1.13274,1.13326,15394
2020.06.16,1.12946,1.13015,32554
2020.06.16,1.13179,1.13335,10544
2020.06.16,1.12277,1.12681,62400
2020.06.16,1.12565,1.12621,15551
2020.06.15,1.1282,1.13219,28908
2020.06.15,1.12439,1.12852,46137
2020.06.15,1.12435,1.12604,20075
2020.06.15,1.12403,1.12475,35698
2020.06.15,1.12267,1.12664,47297
2020.06.15,1.12253,1.12459,20814
2020.06.12,1.12931,1.13246,34370
2020.06.12,1.12923,1.13052,34030
2020.06.12,1.12332,1.1236,59335
2020.06.12,1.12803,1.12828,16274
2020.06.12,1.12764,1.12968,20085
2020.06.12,1.12124,1.12596,31988
2020.06.11,1.13505,1.13616,52405
2020.06.11,1.13362,1.13566,40001
2020.06.11,1.13435,1.13509,19321
2020.06.11,1.1325,1.13896,43681
2020.06.11,1.13639,1.13865,10635
2020.06.11,1.12885,1.12979,40126
2020.06.10,1.13203,1.13729,66196
2020.06.10,1.13481,1.138,27964
2020.06.10,1.1342,1.13511,33135
2020.06.10,1.13415,1.13689,28701
2020.06.10,1.1337700000000002,1.13426,8407
2020.06.10,1.13314,1.13393,7042
2020.06.09,1.12965,1.13425,41966
2020.06.09,1.1331,1.13386,12622
2020.06.09,1.12889,1.13041,8742
2020.06.09,1.12838,1.12852,12648
2020.06.09,1.12553,1.12995,32758
2020.06.09,1.12408,1.12615,31562
2020.06.08,1.1289,1.12929,12241
0,4.0,5.0,6
0,3.0,4.0,5
