DATE,GOLDAMGBD228NLBM
2021-06-18,1792.35
2021-06-17,1806.75
2021-06-16,1858.1
2021-06-15,1863.85
2021-06-14,1859.75
2021-06-11,1891.95
2021-06-10,1882.0
2021-06-09,1890.45
2021-06-08,1892.05
2021-06-07,1882.05
2021-06-04,1869.55
2021-06-03,1892.15
2021-06-02,1895.9
2021-06-01,1907.7
2021-05-28,1892.45
2021-05-27,1895.05
2021-05-26,1904.3
2021-05-25,1882.8
2021-05-24,1876.85
2021-05-21,1877.65
2021-05-20,1869.35
2021-05-19,1860.0
2021-05-18,1867.4
2021-05-17,1848.45
2021-05-14,1833.5
2021-05-13,1814.3
2021-05-12,1833.6
2021-05-11,1837.15
2021-05-10,1834.15
2021-05-07,1820.5
2021-05-06,1793.15
2021-05-05,1778.05
2021-05-04,1784.95
2021-04-30,1768.8
2021-04-29,1774.65
2021-04-28,1764.15
2021-04-27,1780.9
2021-04-26,1779.65
2021-04-23,1785.3
2021-04-22,1785.65
2021-04-21,1781.05
2021-04-20,1765.5
2021-04-19,1788.4
2021-04-16,1766.45
2021-04-15,1748.0
2021-04-14,1743.3
2021-04-13,1728.1
2021-04-12,1741.55
2021-04-09,1747.95
2021-04-08,1743.7
2021-04-07,1736.0
2021-04-06,1731.05
2021-04-01,1715.85
2021-03-31,1685.35
2021-03-30,1696.7
2021-03-29,1723.95
2021-03-26,1727.85
2021-03-25,1729.2
2021-03-24,1734.05
2021-03-23,1739.25
2021-03-22,1733.4
2021-03-19,1737.2
2021-03-18,1734.1
2021-03-17,1736.95
2021-03-16,1732.3
2021-03-15,1727.9
2021-03-12,1703.85
2021-03-11,1736.35
2021-03-10,1711.5
2021-03-09,1702.85
2021-03-08,1694.45
2021-03-05,1696.05
2021-03-04,1710.05
2021-03-03,1727.05
2021-03-02,1728.5
2021-03-01,1746.95
2021-02-26,1765.1
2021-02-25,1792.1
2021-02-24,1807.25
2021-02-23,1809.5
2021-02-22,1798.8
2021-02-19,1773.75
2021-02-18,1782.8
2021-02-17,1788.85
2021-02-16,1823.45
2021-02-15,1817.45
2021-02-12,1818.0
2021-02-11,1841.7
2021-02-10,1843.45
2021-02-09,1846.55
2021-02-08,1811.65
2021-02-05,1808.55
2021-02-04,1811.55
2021-02-03,1834.7
2021-02-02,1847.1
2021-02-01,1857.8
2021-01-29,1852.7
2021-01-28,1839.65
2021-01-27,1846.4
2021-01-26,1853.2
2021-01-25,1855.6
2021-01-22,1853.6
2021-01-21,1867.65
2021-01-20,1854.6
2021-01-19,1843.1
2021-01-18,1833.95
2021-01-15,1853.85
2021-01-14,1840.25
2021-01-13,1852.4
2021-01-12,1861.85
2021-01-11,1847.8
2021-01-08,1891.3
2021-01-07,1911.05
2021-01-06,1957.2
2021-01-05,1946.55
2021-01-04,1930.8
2020-12-31,1891.1
2020-12-30,1877.55
2020-12-29,1873.9
2020-12-24,1872.55
2020-12-23,1867.1
2020-12-22,1873.3
2020-12-21,1869.25
2020-12-18,1878.95
2020-12-17,1871.95
2020-12-16,1861.35
2020-12-15,1844.3
2020-12-14,1820.25
2020-12-11,1833.65
2020-12-10,1834.2
2020-12-09,1859.8
2020-12-08,1864.5
2020-12-07,1832.8
2020-12-04,1839.3
2020-12-03,1834.8
2020-12-02,1832.95
2020-12-01,1796.2
2020-11-30,1771.95
2020-11-27,1808.05
2020-11-26,1814.85
2020-11-25,1808.55
2020-11-24,1818.1
2020-11-23,1863.8
2020-11-20,1867.0
2020-11-19,1857.4
2020-11-18,1877.2
2020-11-17,1885.4
2020-11-16,1892.6
2020-11-13,1878.2
2020-11-12,1868.0
2020-11-11,1876.2
2020-11-10,1874.9
2020-11-09,1957.45
2020-11-06,1947.95
2020-11-05,1916.8
2020-11-04,1888.55
2020-11-03,1899.85
2020-11-02,1886.75
2020-10-30,1875.8
2020-10-29,1876.85
2020-10-28,1896.85
2020-10-27,1898.9
2020-10-26,1901.6
2020-10-23,1910.6
2020-10-22,1916.85
2020-10-21,1918.95
2020-10-20,1906.35
2020-10-19,1910.0
2020-10-16,1908.2
2020-10-15,1891.7
2020-10-14,1896.45
2020-10-13,1920.8
2020-10-12,1919.8
2020-10-09,1912.4
2020-10-08,1891.35
2020-10-07,1888.0
2020-10-06,1912.5
2020-10-05,1899.65
2020-10-02,1906.4
2020-10-01,1895.55
2020-09-30,1883.4
2020-09-29,1882.4
2020-09-28,1850.95
2020-09-25,1870.05
2020-09-24,1850.75
2020-09-23,1888.1
2020-09-22,1903.1
2020-09-21,1930.9
2020-09-18,1954.75
2020-09-17,1936.1
2020-09-16,1964.8
2020-09-15,1963.55
2020-09-14,1942.3
2020-09-11,1944.5
2020-09-10,1944.8
2020-09-09,1928.4
2020-09-08,1920.6
2020-09-07,1928.4
2020-09-04,1937.6
2020-09-03,1934.1
2020-09-02,1969.0
2020-09-01,1987.95
2020-08-28,1955.85
2020-08-27,1938.8
2020-08-26,1918.5
2020-08-25,1925.45
2020-08-24,1947.55
2020-08-21,1932.85
2020-08-20,1928.05
2020-08-19,1993.15
2020-08-18,2005.15
2020-08-17,1949.85
2020-08-14,1948.3
2020-08-13,1931.0
2020-08-12,1931.7
2020-08-11,1996.6
2020-08-10,2030.3
2020-08-07,2061.5
2020-08-06,2049.15
2020-08-05,2034.45
2020-08-04,1972.25
2020-08-03,1972.95
2020-07-31,1974.7
2020-07-30,1952.2
2020-07-29,1954.35
2020-07-28,1931.65
2020-07-27,1940.55
2020-07-24,1893.85
2020-07-23,1882.35
2020-07-22,1851.0
2020-07-21,1823.2
2020-07-20,1810.3
2020-07-17,1802.9
2020-07-16,1804.6
2020-07-15,1809.3
2020-07-14,1798.2
2020-07-13,1808.05
2020-07-10,1805.75
2020-07-09,1812.45
2020-07-08,1799.35
2020-07-07,1775.5
2020-07-06,1774.4
2020-07-03,1774.65
2020-07-02,1771.85
2020-07-01,1787.4
2020-06-30,1770.7
2020-06-29,1768.8
2020-06-26,1762.1
2020-06-25,1758.55
2020-06-24,1775.7
2020-06-23,1756.6
2020-06-22,1745.45
2020-06-19,1728.55
2020-06-18,1732.65
2020-06-17,1717.3
2020-06-16,1728.35
2020-06-15,1710.4
2020-06-12,1735.85
2020-06-11,1731.9
2020-06-10,1717.65
2020-06-09,1707.5
2020-06-08,1692.0
2020-06-05,1709.55
2020-06-04,1706.45
2020-06-03,1717.6
2020-06-02,1740.25
2020-06-01,1734.8
2020-05-29,1725.65
2020-05-28,1723.3
2020-05-27,1705.15
2020-05-26,1722.75
2020-05-22,1732.45
2020-05-21,1732.8
2020-05-20,1750.05
2020-05-19,1735.25
2020-05-18,1756.9
2020-05-15,1734.85
2020-05-14,1716.4
2020-05-13,1699.85
2020-05-12,1703.45
2020-05-11,1698.8
2020-05-07,1688.65
2020-05-06,1698.9
2020-05-05,1696.3
2020-05-04,1703.7
2020-05-01,1673.05
2020-04-30,1716.75
2020-04-29,1706.0
2020-04-28,1708.1
2020-04-27,1717.25
2020-04-24,1727.25
2020-04-23,1727.55
2020-04-22,1702.65
2020-04-21,1678.6
2020-04-20,1684.95
2020-04-17,1693.15
2020-04-16,1717.85
2020-04-15,1712.25
2020-04-14,1715.85
2020-04-09,1662.5
2020-04-08,1649.05
2020-04-07,1652.2
2020-04-06,1636.6
2020-04-03,1609.75
2020-04-02,1588.05
2020-04-01,1594.25
2020-03-31,1604.65
2020-03-30,1624.45
2020-03-27,1621.2
2020-03-26,1620.1
2020-03-25,1620.95
2020-03-24,1599.5
2020-03-23,1494.5
2020-03-20,1504.45
2020-03-19,1480.7
2020-03-18,1506.0
2020-03-17,1472.35
2020-03-16,1504.65
2020-03-13,1588.15
2020-03-12,1636.65
2020-03-11,1662.5
2020-03-10,1657.4
2020-03-09,1676.6
2020-03-06,1687.0
2020-03-05,1647.45
2020-03-04,1644.8
2020-03-03,1599.05
2020-03-02,1609.7
2020-02-28,1626.35
2020-02-27,1646.6
2020-02-26,1647.95
2020-02-25,1655.9
2020-02-24,1682.35
2020-02-21,1633.7
2020-02-20,1610.35
2020-02-19,1609.5
2020-02-18,1588.2
2020-02-17,1580.3
2020-02-14,1576.35
2020-02-13,1575.0
2020-02-12,1566.75
2020-02-11,1567.7
2020-02-10,1574.05
2020-02-06,1564.75
2020-02-05,1552.2
2020-02-04,1571.2
2020-02-03,1578.85
2020-01-31,1580.85
2020-01-30,1580.4
2020-01-29,1571.2
2020-01-28,1579.6
2020-01-27,1583.45
2020-01-24,1561.85
2020-01-23,1554.05
2020-01-22,1558.1
2020-01-21,1556.25
2020-01-20,1559.25
2020-01-17,1556.5
2020-01-16,1555.2
2020-01-15,1551.9
2020-01-14,1544.95
2020-01-13,1550.35
2020-01-10,1548.8
2020-01-09,1547.85
2020-01-08,1582.85
2020-01-07,1566.5
2020-01-06,1576.85
2020-01-03,1547.4
2020-01-02,1520.55
2019-12-31,1523.0
2019-12-30,1511.5
2019-12-27,1510.6
2019-12-24,1490.85
2019-12-23,1483.95
2019-12-20,1476.9
2019-12-19,1474.4
2019-12-18,1478.9
2019-12-17,1478.4
2019-12-16,1477.4
2019-12-13,1470.6
2019-12-12,1474.7
2019-12-11,1468.05
2019-12-10,1464.45
2019-12-09,1463.6
2019-12-06,1474.85
2019-12-05,1474.6
2019-12-04,1475.85
2019-12-03,1470.4
2019-12-02,1457.5
2019-11-29,1456.35
2019-11-28,1457.55
2019-11-27,1459.8
2019-11-26,1457.65
2019-11-25,1459.45
2019-11-22,1471.3
2019-11-21,1468.9
2019-11-20,1475.7
2019-11-19,1464.9
2019-11-18,1458.4
2019-11-15,1465.6
2019-11-14,1467.65
2019-11-13,1463.45
2019-11-12,1455.0
2019-11-11,1465.5
2019-11-08,1466.85
2019-11-07,1484.1
2019-11-06,1488.55
2019-11-05,1504.6
2019-11-04,1509.2
2019-11-01,1509.85
2019-10-31,1506.4
2019-10-30,1490.15
2019-10-29,1492.75
2019-10-28,1505.05
2019-10-25,1504.65
2019-10-24,1488.85
2019-10-23,1494.25
2019-10-22,1487.45
2019-10-21,1490.85
2019-10-17,1484.45
2019-10-16,1482.55
2019-10-15,1494.75
2019-10-14,1494.2
2019-10-11,1498.35
2019-10-10,1508.2
2019-10-09,1503.4
2019-10-08,1500.0
2019-10-07,1502.15
2019-10-04,1509.5
2019-10-03,1504.0
2019-10-02,1484.05
2019-10-01,1466.1
2019-09-30,1487.6
2019-09-27,1496.15
2019-09-26,1507.05
2019-09-25,1530.85
2019-09-24,1520.25
2019-09-23,1519.5
2019-09-20,1504.1
2019-09-19,1498.4
2019-09-18,1502.2
2019-09-17,1499.3
2019-09-16,1502.05
2019-09-13,1506.3
2019-09-12,1502.95
2019-09-11,1493.65
2019-09-10,1494.6
2019-09-09,1509.95
2019-09-06,1504.95
2019-09-05,1542.6
2019-09-04,1538.8
2019-09-03,1532.45
2019-09-02,1523.35
2019-08-30,1526.55
2019-08-29,1536.65
2019-08-28,1541.75
2019-08-27,1531.85
2019-08-23,1495.5
2019-08-22,1498.7
2019-08-21,1499.65
2019-08-20,1502.65
2019-08-19,1499.35
2019-08-16,1509.05
2019-08-15,1517.65
2019-08-14,1500.35
2019-08-13,1527.2
2019-08-12,1501.95
2019-08-09,1503.5
2019-08-08,1497.4
2019-08-07,1487.65
2019-08-06,1461.85
2019-08-05,1457.45
2019-08-02,1436.05
2019-08-01,1406.4
2019-07-31,1430.55
2019-07-30,1428.45
2019-07-29,1418.95
2019-07-26,1418.25
2019-07-25,1426.35
2019-07-24,1425.55
2019-07-23,1417.55
2019-07-22,1424.45
2019-07-19,1437.05
2019-07-18,1420.9
2019-07-17,1400.8
2019-07-16,1416.1
2019-07-15,1416.25
2019-07-12,1405.6
2019-07-11,1423.1
2019-07-10,1395.45
2019-07-09,1387.9
2019-07-08,1404.9
2019-07-05,1414.4
2019-07-04,1415.25
2019-07-03,1425.1
2019-07-02,1393.1
2019-07-01,1390.05
2019-06-28,1413.2
2019-06-27,1402.25
2019-06-26,1406.75
2019-06-25,1429.55
2019-06-24,1405.45
2019-06-21,1388.35
2019-06-20,1381.65
2019-06-19,1342.4
2019-06-18,1344.55
2019-06-17,1333.2
2019-06-14,1352.45
2019-06-13,1335.8
2019-06-12,1336.65
2019-06-11,1322.65
2019-06-10,1328.6
2019-06-07,1334.3
2019-06-06,1336.65
2019-06-05,1337.75
2019-06-04,1323.6
2019-06-03,1313.95
2019-05-31,1296.0
2019-05-30,1276.45
2019-05-29,1283.5
2019-05-28,1283.9
2019-05-24,1281.5
2019-05-23,1275.95
2019-05-22,1274.0
2019-05-21,1276.0
2019-05-20,1275.25
2019-05-17,1285.8
2019-05-16,1295.55
2019-05-15,1298.9
2019-05-14,1297.6
2019-05-13,1282.95
2019-05-10,1285.4
2019-05-09,1284.1
2019-05-08,1287.75
2019-05-07,1281.3
2019-05-03,1270.05
2019-05-02,1271.45
2019-05-01,1281.8
2019-04-30,1285.15
2019-04-29,1282.15
2019-04-26,1281.5
2019-04-25,1277.85
2019-04-24,1273.8
2019-04-23,1273.45
2019-04-18,1276.5
2019-04-17,1276.1
2019-04-16,1283.75
2019-04-15,1286.75
2019-04-12,1296.15
2019-04-11,1304.65
2019-04-10,1304.8
2019-04-09,1301.85
2019-04-08,1297.1
2019-04-05,1288.9
2019-04-04,1291.6
2019-04-03,1291.85
2019-04-02,1287.2
2019-04-01,1291.9
2019-03-29,1291.15
2019-03-28,1306.9
2019-03-27,1318.25
2019-03-26,1315.25
2019-03-25,1319.35
2019-03-22,1311.1
2019-03-21,1317.3
2019-03-20,1303.0
2019-03-19,1308.35
2019-03-18,1305.35
2019-03-15,1302.65
2019-03-14,1299.2
2019-03-13,1308.4
2019-03-12,1296.95
2019-03-11,1296.35
2019-03-08,1294.1
2019-03-07,1286.4
2019-03-06,1285.55
2019-03-05,1285.0
2019-03-04,1287.45
2019-03-01,1309.95
2019-02-28,1325.45
2019-02-27,1326.45
2019-02-26,1327.55
2019-02-25,1329.15
2019-02-22,1322.25
2019-02-21,1335.05
2019-02-20,1345.75
2019-02-19,1329.55
2019-02-18,1323.95
2019-02-15,1318.0
2019-02-14,1305.65
2019-02-13,1311.15
2019-02-12,1311.6
2019-02-11,1306.75
2019-02-08,1311.1
2019-02-07,1306.6
2019-02-06,1313.35
2019-02-05,1314.0
2019-02-04,1311.0
2019-02-01,1320.75
2019-01-31,1322.5
2019-01-30,1312.95
2019-01-29,1308.35
2019-01-28,1301.0
2019-01-25,1282.95
2019-01-24,1279.75
2019-01-23,1284.9
2019-01-22,1284.75
2019-01-21,1278.7
2019-01-18,1285.05
2019-01-17,1294.0
2019-01-16,1290.5
2019-01-15,1289.35
2019-01-14,1293.7
2019-01-11,1292.8
2019-01-10,1292.4
2019-01-09,1281.3
2019-01-08,1283.9
2019-01-07,1291.5
2019-01-04,1290.35
2019-01-03,1287.95
2019-01-02,1287.2
2018-12-31,1281.65
2018-12-28,1277.25
2018-12-27,1271.1
2018-12-24,1261.25
2018-12-21,1257.6
2018-12-20,1255.0
2018-12-19,1248.6
2018-12-18,1248.8
2018-12-17,1239.1
2018-12-14,1239.15
2018-12-13,1244.45
2018-12-12,1244.75
2018-12-11,1248.25
2018-12-10,1246.8
2018-12-07,1241.2
2018-12-06,1236.45
2018-12-05,1236.15
2018-12-04,1239.25
2018-12-03,1231.05
2018-11-30,1220.45
2018-11-29,1226.45
2018-11-28,1213.2
2018-11-27,1225.05
2018-11-26,1226.65
2018-11-23,1222.15
2018-11-22,1228.25
2018-11-21,1224.0
2018-11-20,1223.1
2018-11-19,1223.55
2018-11-16,1215.8
2018-11-15,1210.6
2018-11-14,1201.45
2018-11-13,1197.55
2018-11-12,1207.05
2018-11-09,1219.05
2018-11-08,1223.45
2018-11-07,1235.05
2018-11-06,1234.85
2018-11-05,1231.6
2018-11-02,1235.5
2018-11-01,1223.25
2018-10-31,1217.7
2018-10-30,1220.0
2018-10-29,1230.75
2018-10-26,1236.05
2018-10-25,1232.15
2018-10-24,1231.65
2018-10-23,1235.6
2018-10-22,1222.9
2018-10-19,1228.25
2018-10-18,1224.6
2018-10-17,1226.75
2018-10-16,1228.85
2018-10-15,1233.0
2018-10-12,1218.75
2018-10-11,1201.1
2018-10-10,1186.4
2018-10-09,1187.4
2018-10-08,1194.8
2018-10-05,1201.1
2018-10-04,1199.45
2018-10-03,1203.5
2018-10-02,1192.65
2018-10-01,1185.3
2018-09-28,1183.5
2018-09-27,1196.0
2018-09-26,1198.8
2018-09-25,1199.45
2018-09-24,1198.75
2018-09-21,1207.6
2018-09-20,1203.0
2018-09-19,1203.0
2018-09-18,1199.4
2018-09-17,1196.8
2018-09-14,1206.2
2018-09-13,1206.65
2018-09-12,1197.8
2018-09-11,1194.0
2018-09-10,1195.8
2018-09-07,1200.75
2018-09-06,1204.3
2018-09-05,1194.7
2018-09-04,1195.75
2018-09-03,1201.7
2018-08-31,1206.85
2018-08-30,1202.35
2018-08-29,1204.3
2018-08-28,1212.75
2018-08-24,1189.95
2018-08-23,1187.3
2018-08-22,1196.85
2018-08-21,1194.1
2018-08-20,1188.75
2018-08-17,1176.7
2018-08-16,1179.65
2018-08-15,1186.7
2018-08-14,1195.3
2018-08-13,1204.4
2018-08-10,1211.65
2018-08-09,1215.5
2018-08-08,1212.35
2018-08-07,1215.4
2018-08-06,1212.0
2018-08-03,1207.7
2018-08-02,1217.6
2018-08-01,1222.75
2018-07-31,1219.2
2018-07-30,1222.05
2018-07-27,1219.15
2018-07-26,1228.35
2018-07-25,1230.55
2018-07-24,1224.3
2018-07-23,1229.45
2018-07-20,1224.85
2018-07-19,1217.4
2018-07-18,1223.45
2018-07-17,1243.65
2018-07-16,1244.9
2018-07-13,1240.5
2018-07-12,1244.85
2018-07-11,1250.0
2018-07-10,1253.7
2018-07-09,1262.6
2018-07-06,1254.2
2018-07-05,1252.5
2018-07-04,1256.9
2018-07-03,1245.85
2018-07-02,1249.0
2018-06-29,1250.55
2018-06-28,1250.5
2018-06-27,1256.8
2018-06-26,1257.15
2018-06-25,1269.8
2018-06-22,1269.7
2018-06-21,1263.7
2018-06-20,1273.25
2018-06-19,1279.0
2018-06-18,1281.25
2018-06-15,1300.1
2018-06-14,1305.3
2018-06-13,1294.4
2018-06-12,1298.3
2018-06-11,1296.05
2018-06-08,1299.2
2018-06-07,1298.3
2018-06-06,1295.25
2018-06-05,1292.25
2018-06-04,1294.65
2018-06-01,1299.15
2018-05-31,1303.5
2018-05-30,1298.6
2018-05-29,1302.05
2018-05-25,1303.95
2018-05-24,1296.35
2018-05-23,1294.0
2018-05-22,1293.9
2018-05-21,1285.85
2018-05-18,1287.2
2018-05-17,1288.85
2018-05-16,1291.75
2018-05-15,1310.05
2018-05-14,1320.7
2018-05-11,1324.8
2018-05-10,1314.8
2018-05-09,1306.85
2018-05-08,1310.05
2018-05-04,1309.35
2018-05-03,1313.3
2018-05-02,1310.75
2018-05-01,1309.2
2018-04-30,1316.25
2018-04-27,1317.7
2018-04-26,1321.9
2018-04-25,1325.7
2018-04-24,1327.35
2018-04-23,1328.0
2018-04-20,1340.15
2018-04-19,1347.9
2018-04-18,1346.55
2018-04-17,1342.95
2018-04-16,1344.4
2018-04-13,1340.75
2018-04-12,1345.9
2018-04-11,1345.2
2018-04-10,1335.95
2018-04-09,1328.5
2018-04-06,1325.6
2018-04-05,1327.05
2018-04-04,1343.15
2018-04-03,1336.6
2018-03-29,1323.9
2018-03-28,1341.05
2018-03-27,1350.65
2018-03-26,1348.4
2018-03-23,1342.35
2018-03-22,1328.85
2018-03-21,1316.35
2018-03-20,1312.75
2018-03-19,1311.7
2018-03-16,1320.05
2018-03-15,1323.35
2018-03-14,1324.95
2018-03-13,1318.7
2018-03-12,1317.25
2018-03-09,1319.35
2018-03-08,1325.4
2018-03-07,1332.5
2018-03-06,1324.95
2018-03-05,1326.3
2018-03-02,1316.75
2018-03-01,1311.25
2018-02-28,1320.3
2018-02-27,1332.75
2018-02-26,1339.05
2018-02-23,1328.9
2018-02-22,1323.5
2018-02-21,1328.6
2018-02-20,1337.4
2018-02-19,1347.4
2018-02-16,1358.6
2018-02-15,1353.7
2018-02-14,1330.75
2018-02-13,1329.4
2018-02-12,1321.7
2018-02-09,1316.05
2018-02-08,1311.05
2018-02-07,1328.5
2018-02-06,1344.65
2018-02-05,1337.1
2018-02-02,1345.0
2018-02-01,1341.1
2018-01-31,1343.35
2018-01-30,1345.7
2018-01-29,1348.4
2018-01-26,1354.35
2018-01-25,1360.25
2018-01-24,1350.5
2018-01-23,1337.1
2018-01-22,1334.15
2018-01-19,1335.8
2018-01-18,1329.75
2018-01-17,1337.35
2018-01-16,1334.95
2018-01-15,1343.0
2018-01-12,1332.9
2018-01-11,1319.85
2018-01-10,1321.65
2018-01-09,1314.95
2018-01-08,1318.8
2018-01-05,1317.9
2018-01-04,1313.7
2018-01-03,1314.6
2018-01-02,1312.8
2017-12-29,1296.5
2017-12-28,1291.6
2017-12-27,1285.4
2017-12-22,1268.05
2017-12-21,1265.85
2017-12-20,1265.95
2017-12-19,1263.1
2017-12-18,1258.65
2017-12-15,1257.25
2017-12-14,1255.6
2017-12-13,1241.6
2017-12-12,1243.4
2017-12-11,1251.4
2017-12-08,1245.85
2017-12-07,1256.8
2017-12-06,1268.55
2017-12-05,1275.9
2017-12-04,1279.1
2017-12-01,1277.25
2017-11-30,1282.15
2017-11-29,1294.85
2017-11-28,1293.9
2017-11-27,1294.7
2017-11-24,1289.15
2017-11-23,1290.15
2017-11-22,1283.95
2017-11-21,1280.0
2017-11-20,1292.35
2017-11-17,1283.85
2017-11-16,1277.7
2017-11-15,1285.7
2017-11-14,1273.7
2017-11-13,1278.4
2017-11-10,1284.45
2017-11-09,1284.0
2017-11-08,1282.25
2017-11-07,1276.35
2017-11-06,1271.6
2017-11-03,1275.3
2017-11-02,1276.4
2017-11-01,1279.25
2017-10-31,1274.4
2017-10-30,1272.75
2017-10-27,1267.8
2017-10-26,1278.0
2017-10-25,1273.0
2017-10-24,1278.3
2017-10-23,1275.25
2017-10-20,1280.25
2017-10-19,1283.4
2017-10-18,1280.65
2017-10-17,1289.7
2017-10-16,1305.15
2017-10-13,1293.9
2017-10-12,1294.45
2017-10-11,1290.2
2017-10-10,1289.6
2017-10-09,1282.15
2017-10-06,1268.2
2017-10-05,1278.4
2017-10-04,1275.55
2017-10-03,1270.7
2017-10-02,1273.1
2017-09-29,1286.95
2017-09-28,1284.3
2017-09-27,1291.3
2017-09-26,1306.9
2017-09-25,1295.5
2017-09-22,1297.0
2017-09-21,1297.35
2017-09-20,1314.9
2017-09-19,1308.45
2017-09-18,1314.4
2017-09-15,1325.0
2017-09-14,1323.0
2017-09-13,1332.25
2017-09-12,1326.25
2017-09-11,1338.75
2017-09-08,1350.9
2017-09-07,1340.45
2017-09-06,1340.15
2017-09-05,1331.15
2017-09-04,1334.6
2017-09-01,1318.4
2017-08-31,1305.8
2017-08-30,1310.6
2017-08-29,1323.4
2017-08-25,1287.05
2017-08-24,1285.9
2017-08-23,1286.45
2017-08-22,1285.1
2017-08-21,1287.6
2017-08-18,1295.25
2017-08-17,1285.9
2017-08-16,1270.15
2017-08-14,1281.1
2017-08-11,1288.3
2017-08-10,1278.9
2017-08-09,1267.95
2017-08-08,1261.45
2017-08-07,1257.55
2017-08-04,1269.3
2017-08-03,1261.8
2017-08-02,1266.65
2017-08-01,1267.05
2017-07-31,1266.35
2017-07-28,1259.6
2017-07-27,1262.05
2017-07-26,1245.4
2017-07-25,1252.0
2017-07-24,1255.85
2017-07-21,1247.25
2017-07-20,1236.55
2017-07-19,1239.85
2017-07-18,1237.1
2017-07-17,1229.85
2017-07-14,1218.95
2017-07-13,1221.4
2017-07-12,1219.4
2017-07-11,1211.9
2017-07-10,1207.55
2017-07-07,1220.4
2017-07-06,1224.3
2017-07-05,1221.9
2017-07-04,1224.25
2017-07-03,1235.2
2017-06-30,1243.25
2017-06-29,1246.6
2017-06-28,1251.6
2017-06-27,1250.4
2017-06-26,1240.85
2017-06-23,1256.3
2017-06-22,1251.4
2017-06-21,1247.05
2017-06-20,1246.5
2017-06-19,1251.1
2017-06-16,1256.6
2017-06-15,1260.25
2017-06-14,1268.25
2017-06-13,1261.3
2017-06-12,1269.25
2017-06-09,1274.25
2017-06-08,1284.8
2017-06-07,1292.7
2017-06-06,1287.85
2017-06-05,1280.7
2017-06-02,1260.95
2017-06-01,1266.15
2017-05-31,1263.8
2017-05-30,1262.8
2017-05-26,1265.0
2017-05-25,1257.1
2017-05-24,1251.35
2017-05-23,1259.9
2017-05-22,1255.25
2017-05-19,1251.85
2017-05-18,1261.35
2017-05-17,1244.6
2017-05-16,1234.05
2017-05-15,1231.5
2017-05-12,1227.9
2017-05-11,1221.0
2017-05-10,1222.95
2017-05-09,1225.15
2017-05-08,1229.7
2017-05-05,1239.4
2017-05-04,1235.85
2017-05-03,1253.95
2017-05-02,1255.8
2017-04-28,1265.55
2017-04-27,1264.3
2017-04-26,1264.95
2017-04-25,1270.5
2017-04-24,1271.8
2017-04-21,1281.5
2017-04-20,1279.9
2017-04-19,1282.05
2017-04-18,1285.0
2017-04-13,1286.1
2017-04-12,1272.3
2017-04-11,1255.7
2017-04-10,1253.6
2017-04-07,1264.3
2017-04-06,1253.75
2017-04-05,1252.5
2017-04-04,1258.65
2017-04-03,1246.25
2017-03-31,1241.7
2017-03-30,1250.9
2017-03-29,1252.9
2017-03-28,1253.65
2017-03-27,1256.9
2017-03-24,1244.0
2017-03-23,1247.9
2017-03-22,1246.1
2017-03-21,1232.05
2017-03-20,1233.0
2017-03-17,1228.75
2017-03-16,1225.6
2017-03-15,1202.25
2017-03-14,1203.55
2017-03-13,1207.8
2017-03-10,1196.55
2017-03-09,1204.6
2017-03-08,1213.3
2017-03-07,1223.7
2017-03-06,1231.15
2017-03-03,1228.75
2017-03-02,1243.3
2017-03-01,1246.05
2017-02-28,1251.9
2017-02-27,1256.25
2017-02-24,1255.35
2017-02-23,1237.35
2017-02-22,1237.5
2017-02-21,1228.7
2017-02-20,1235.35
2017-02-17,1241.4
2017-02-16,1236.75
2017-02-15,1225.15
2017-02-14,1229.65
2017-02-13,1229.4
2017-02-10,1225.75
2017-02-09,1241.75
2017-02-08,1235.6
2017-02-07,1231.0
2017-02-06,1221.85
2017-02-03,1213.05
2017-02-02,1224.05
2017-02-01,1210.0
2017-01-31,1198.8
2017-01-30,1189.85
2017-01-27,1184.2
2017-01-26,1191.55
2017-01-25,1203.5
2017-01-24,1213.3
2017-01-23,1213.75
2017-01-20,1199.1
2017-01-19,1203.35
2017-01-18,1212.5
2017-01-17,1217.5
2017-01-16,1202.75
2017-01-13,1196.35
2017-01-12,1206.65
2017-01-11,1187.55
2017-01-10,1183.2
2017-01-09,1176.1
2017-01-06,1178.0
2017-01-05,1173.05
2017-01-04,1165.9
2017-01-03,1148.65
2016-12-30,1159.1
2016-12-29,1146.8
2016-12-28,1139.75
2016-12-23,1131.0
2016-12-22,1130.55
2016-12-21,1134.4
2016-12-20,1132.75
2016-12-19,1137.6
2016-12-16,1134.85
2016-12-15,1132.45
2016-12-14,1160.95
2016-12-13,1157.35
2016-12-12,1154.4
2016-12-09,1168.9
2016-12-08,1174.75
2016-12-07,1171.25
2016-12-06,1171.15
2016-12-05,1164.9
2016-12-02,1171.65
2016-12-01,1168.75
2016-11-30,1187.4
2016-11-29,1187.3
2016-11-28,1189.1
2016-11-25,1187.5
2016-11-24,1187.25
2016-11-23,1213.25
2016-11-22,1217.55
2016-11-21,1214.95
2016-11-18,1206.1
2016-11-17,1232.0
2016-11-16,1225.7
2016-11-15,1228.9
2016-11-14,1222.6
2016-11-11,1255.65
2016-11-10,1280.9
2016-11-09,1304.55
2016-11-08,1284.0
2016-11-07,1286.8
2016-11-04,1301.7
2016-11-03,1293.0
2016-11-02,1295.85
2016-11-01,1284.4
2016-10-31,1274.2
2016-10-28,1265.9
2016-10-27,1269.3
2016-10-26,1273.9
2016-10-25,1269.3
2016-10-24,1267.0
2016-10-21,1263.95
2016-10-20,1269.2
2016-10-19,1269.75
2016-10-18,1261.65
2016-10-17,1252.7
2016-10-14,1256.15
2016-10-13,1258.0
2016-10-12,1255.7
2016-10-11,1256.4
2016-10-10,1262.1
2016-10-07,1255.0
2016-10-06,1265.5
2016-10-05,1274.0
2016-10-04,1309.15
2016-10-03,1318.65
2016-09-30,1327.9
2016-09-29,1320.85
2016-09-28,1324.8
2016-09-27,1335.85
2016-09-26,1336.3
2016-09-23,1335.9
2016-09-22,1332.45
2016-09-21,1319.6
2016-09-20,1315.4
2016-09-19,1315.05
2016-09-16,1314.25
2016-09-15,1320.1
2016-09-14,1323.2
2016-09-13,1328.5
2016-09-12,1327.5
2016-09-09,1335.65
2016-09-08,1348.0
2016-09-07,1348.75
2016-09-06,1330.05
2016-09-05,1328.3
2016-09-02,1311.5
2016-09-01,1305.7
2016-08-31,1314.45
2016-08-30,1318.85
2016-08-26,1324.9
2016-08-25,1324.5
2016-08-24,1337.3
2016-08-23,1338.5
2016-08-22,1334.3
2016-08-19,1346.85
2016-08-18,1347.1
2016-08-17,1342.75
2016-08-16,1349.1
2016-08-15,1339.2
2016-08-12,1336.7
2016-08-11,1344.55
2016-08-10,1351.85
2016-08-09,1332.9
2016-08-08,1330.0
2016-08-05,1362.6
2016-08-04,1351.15
2016-08-03,1364.4
2016-08-02,1358.15
2016-08-01,1348.85
2016-07-29,1332.5
2016-07-28,1341.3
2016-07-27,1320.8
2016-07-26,1321.25
2016-07-25,1315.0
2016-07-22,1323.2
2016-07-21,1322.0
2016-07-20,1325.6
2016-07-19,1332.2
2016-07-18,1326.15
2016-07-15,1330.5
2016-07-14,1325.7
2016-07-13,1340.25
2016-07-12,1352.85
2016-07-11,1358.25
2016-07-08,1356.1
2016-07-07,1367.1
2016-07-06,1370.0
2016-07-05,1344.75
2016-07-04,1348.75
2016-07-01,1331.75
2016-06-30,1317.0
2016-06-29,1317.75
2016-06-28,1312.0
2016-06-27,1324.6
2016-06-24,1313.85
2016-06-23,1265.75
2016-06-22,1265.0
2016-06-21,1280.8
2016-06-20,1283.25
