date,1. open,2. high,3. low,4. close,5. volume
2021-06-14,78.322,78.522,78.147,78.512,0.0
2021-06-11,78.672,78.883,78.058,78.153,0.0
2021-06-10,78.674,78.988,78.498,78.654,0.0
2021-06-09,78.771,78.879,78.549,78.656,0.0
2021-06-08,78.951,79.11,78.654,78.77,0.0
2021-06-07,78.887,79.136,78.775,78.936,0.0
2021-06-04,78.816,79.015,78.633,79.01,0.0
2021-06-03,79.277,79.393,78.557,78.808,0.0
2021-06-02,79.423,79.708,79.178,79.279,0.0
2021-06-01,79.708,79.8,79.273,79.424,0.0
2021-05-31,79.682,79.771,79.413,79.709,0.0
2021-05-28,80.116,80.134,79.435,79.613,0.0
2021-05-27,79.456,80.182,79.297,80.098,0.0
2021-05-26,78.601,79.639,78.539,79.452,0.0
2021-05-25,78.447,78.962,78.406,78.585,0.0
2021-05-24,78.07,78.536,77.95,78.439,0.0
2021-05-21,78.258,78.502,77.951,78.143,0.0
2021-05-20,78.288,78.508,78.093,78.26,0.0
2021-05-19,78.846,78.968,77.903,78.28,0.0
2021-05-18,78.777,79.196,78.707,78.839,0.0
2021-05-17,79.151,79.278,78.433,78.773,0.0
2021-05-14,78.634,79.337,78.537,79.277,0.0
2021-05-13,78.52,78.813,78.197,78.629,0.0
2021-05-12,78.974,79.019,78.346,78.498,0.0
2021-05-11,79.053,79.315,78.673,78.979,0.0
2021-05-10,79.078,79.424,78.955,79.042,0.0
2021-05-07,78.844,79.197,78.575,79.046,0.0
2021-05-06,78.743,79.041,78.538,78.818,0.0
2021-05-05,78.135,78.82,78.057,78.742,0.0
2021-05-04,78.529,78.557,77.682,78.108,0.0
2021-05-03,78.362,78.688,78.26,78.528,0.0
2021-04-30,78.899,79.037,78.148,78.312,0.0
2021-04-29,78.819,79.164,78.626,78.861,0.0
2021-04-28,78.329,78.952,78.221,78.828,0.0
2021-04-27,78.196,78.42,77.96,78.327,0.0
2021-04-26,77.583,78.314,77.523,78.196,0.0
2021-04-23,77.301,77.727,77.167,77.629,0.0
2021-04-22,77.873,77.916,77.165,77.299,0.0
2021-04-21,77.493,78.044,77.334,77.855,0.0
2021-04-20,77.584,78.381,77.399,77.491,0.0
2021-04-19,77.546,77.845,77.379,77.584,0.0
2021-04-16,77.968,78.039,77.572,77.714,0.0
2021-04-15,77.741,78.128,77.676,77.951,0.0
2021-04-14,76.922,77.902,76.695,77.723,0.0
2021-04-13,76.884,76.991,76.637,76.915,0.0
2021-04-12,77.13,77.267,76.78,76.883,0.0
2021-04-09,77.112,77.409,76.682,77.1,0.0
2021-04-08,76.953,77.168,76.793,77.112,0.0
2021-04-07,77.489,77.602,76.833,76.974,0.0
2021-04-06,77.723,77.942,77.129,77.489,0.0
2021-04-05,77.707,77.955,77.605,77.713,0.0
2021-04-02,77.569,77.932,77.508,77.846,0.0
2021-04-01,77.294,77.716,76.882,77.569,0.0
2021-03-31,77.044,77.718,77.013,77.293,0.0
2021-03-30,76.828,77.355,76.808,77.034,0.0
2021-03-29,76.677,77.006,76.309,76.829,0.0
2021-03-26,75.909,76.801,75.861,76.749,0.0
2021-03-25,75.73,76.217,75.701,75.91,0.0
2021-03-24,76.072,76.125,75.605,75.72,0.0
2021-03-23,77.895,77.906,75.884,76.065,0.0
2021-03-22,77.576,78.118,77.52,77.868,0.0
2021-03-19,78.014,78.19,77.805,78.023,0.0
2021-03-18,78.7,79.14,77.896,78.023,0.0
2021-03-17,78.365,79.047,78.115,78.69,0.0
2021-03-16,78.576,78.675,78.175,78.346,0.0
2021-03-15,78.237,78.668,78.186,78.547,0.0
2021-03-12,78.41,78.605,78.006,78.231,0.0
2021-03-11,77.938,78.609,77.469,78.397,0.0
2021-03-10,77.636,78.028,77.562,77.965,0.0
2021-03-09,77.518,78.051,77.336,77.772,0.0
2021-03-08,77.611,77.994,77.119,77.506,0.0
2021-03-05,77.599,77.748,77.108,77.602,0.0
2021-03-04,77.539,78.215,77.35,77.598,0.0
2021-03-03,77.732,78.069,77.479,77.533,0.0
2021-03-02,77.559,77.971,77.041,77.738,0.0
2021-03-01,77.09,77.724,76.973,77.527,0.0
2021-02-26,78.243,78.493,76.957,77.016,0.0
2021-02-25,78.716,79.212,78.138,78.267,0.0
2021-02-24,77.242,78.91,77.066,78.665,0.0
2021-02-23,76.969,77.352,76.767,77.205,0.0
2021-02-22,76.794,77.417,76.792,76.98,0.0
2021-02-19,76.287,77.224,76.109,76.888,0.0
2021-02-18,76.112,76.349,75.959,76.289,0.0
2021-02-17,76.45,76.507,75.784,76.106,0.0
2021-02-16,76.129,76.724,76.04,76.481,0.0
2021-02-15,75.559,76.296,75.558,76.118,0.0
2021-02-12,75.688,75.874,75.387,75.713,0.0
2021-02-11,75.449,75.912,75.332,75.684,0.0
2021-02-10,75.689,75.77,75.354,75.448,0.0
2021-02-09,75.939,76.137,75.515,75.717,0.0
2021-02-08,75.871,76.127,75.678,75.964,0.0
2021-02-05,75.477,75.947,75.298,75.871,0.0
2021-02-04,75.704,75.858,75.365,75.471,0.0
2021-02-03,75.482,75.862,75.389,75.672,0.0
2021-02-02,75.089,75.554,74.972,75.471,0.0
2021-02-01,74.953,75.405,74.901,75.077,0.0
2021-01-29,74.717,75.649,74.674,75.183,0.0
2021-01-28,74.493,74.983,74.099,74.717,0.0
2021-01-27,74.925,75.089,74.424,74.495,0.0
2021-01-26,74.649,75.123,74.348,74.977,0.0
2021-01-25,74.49,74.908,74.399,74.679,0.0
2021-01-22,74.645,74.795,74.337,74.491,0.0
2021-01-21,74.22,74.734,74.198,74.599,0.0
2021-01-20,73.939,74.268,73.866,74.226,0.0
2021-01-19,73.679,74.294,73.655,73.954,0.0
2021-01-18,74.113,74.157,73.624,73.696,0.0
2021-01-15,74.759,74.995,73.872,74.025,0.0
2021-01-14,74.525,75.046,74.498,74.763,0.0
2021-01-13,74.867,75.028,74.466,74.517,0.0
2021-01-12,74.65,75.034,74.562,74.867,0.0
2021-01-11,75.122,75.223,74.583,74.659,0.0
2021-01-08,75.249,75.579,74.914,75.223,0.0
2021-01-07,75.088,75.425,74.959,75.286,0.0
2021-01-06,74.346,75.289,74.268,75.113,0.0
2021-01-05,73.953,74.527,73.875,74.319,0.0
2021-01-04,74.133,74.352,73.777,73.96,0.0
2021-01-01,74.117,74.244,74.117,74.117,0.0
2020-12-31,74.264,74.628,74.101,74.117,0.0
2020-12-30,74.028,74.471,73.913,74.273,0.0
2020-12-29,73.664,74.243,73.524,74.02,0.0
2020-12-28,73.537,73.871,73.506,73.665,0.0
2020-12-25,73.512,73.807,73.459,73.512,0.0
2020-12-24,73.464,73.793,73.186,73.481,0.0
2020-12-23,72.913,73.571,72.821,73.441,0.0
2020-12-22,73.425,73.467,72.786,72.912,0.0
2020-12-21,73.631,73.739,72.702,73.315,0.0
2020-12-18,73.688,73.881,73.518,73.739,0.0
2020-12-17,73.565,73.903,73.44,73.631,0.0
2020-12-16,73.46,73.634,73.189,73.554,0.0
2020-12-15,73.623,73.777,73.307,73.459,0.0
2020-12-14,73.823,73.894,73.611,73.625,0.0
2020-12-11,73.957,74.007,73.497,73.732,0.0
2020-12-10,73.144,73.992,73.01,73.952,0.0
2020-12-09,73.33,73.846,73.094,73.138,0.0
2020-12-08,73.254,73.423,73.08,73.315,0.0
2020-12-07,73.304,73.468,73.049,73.265,0.0
2020-12-04,73.439,73.544,73.135,73.334,0.0
2020-12-03,73.766,73.893,73.364,73.447,0.0
2020-12-02,73.628,74.039,73.509,73.76,0.0
2020-12-01,73.13,73.831,73.085,73.631,0.0
2020-11-30,73.054,73.463,72.938,73.152,0.0
2020-11-27,73.011,73.235,72.863,73.054,0.0
2020-11-26,73.146,73.278,72.888,73.001,0.0
2020-11-25,72.817,73.243,72.573,73.146,0.0
2020-11-24,72.306,73.086,72.072,72.819,0.0
2020-11-23,71.856,72.415,71.625,72.326,0.0
2020-11-20,71.678,72.167,71.656,71.906,0.0
2020-11-19,71.867,71.919,71.501,71.686,0.0
2020-11-18,71.766,72.117,71.527,71.888,0.0
2020-11-17,72.187,72.274,71.578,71.804,0.0
2020-11-16,71.621,72.308,71.547,72.19,0.0
2020-11-13,71.885,72.002,71.455,71.621,0.0
2020-11-12,72.547,72.79,71.811,71.879,0.0
2020-11-11,71.859,72.726,71.608,72.546,0.0
2020-11-10,72.024,72.066,71.539,71.866,0.0
2020-11-09,70.107,72.085,69.993,71.829,0.0
2020-11-06,69.943,70.389,69.873,69.993,0.0
2020-11-05,69.936,70.258,69.678,69.9,0.0
2020-11-04,69.872,70.481,69.422,69.935,0.0
2020-11-03,69.409,70.247,69.292,69.794,0.0
2020-11-02,69.079,69.528,68.804,69.409,0.0
2020-10-30,69.339,69.698,68.846,69.206,0.0
2020-10-29,69.291,69.523,68.955,69.344,0.0
2020-10-28,70.041,70.087,69.128,69.291,0.0
2020-10-27,69.96,70.231,69.892,70.042,0.0
2020-10-26,69.98,70.279,69.761,69.938,0.0
2020-10-23,69.905,70.176,69.68,70.035,0.0
2020-10-22,69.553,70.113,69.382,69.907,0.0
2020-10-21,69.369,69.778,69.278,69.53,0.0
2020-10-20,69.612,69.676,69.226,69.366,0.0
2020-10-19,69.588,70.022,69.537,69.615,0.0
2020-10-16,69.57,69.719,69.288,69.598,0.0
2020-10-15,70.002,70.144,69.188,69.558,0.0
2020-10-14,70.139,70.355,69.897,70.013,0.0
2020-10-13,70.003,70.356,69.781,70.141,0.0
2020-10-12,70.366,70.458,69.9,70.005,0.0
2020-10-09,69.805,70.51,69.773,70.453,0.0
2020-10-08,69.717,69.929,69.39,69.797,0.0
2020-10-07,69.538,69.952,69.442,69.701,0.0
2020-10-06,70.208,70.356,69.462,69.539,0.0
2020-10-05,70.025,70.291,69.928,70.186,0.0
2020-10-02,70.177,70.253,69.527,69.891,0.0
2020-10-01,69.727,70.256,69.716,70.156,0.0
2020-09-30,69.571,69.925,69.308,69.727,0.0
2020-09-29,69.121,69.773,69.101,69.563,0.0
2020-09-28,69.188,69.252,68.872,69.106,0.0
2020-09-25,68.966,69.417,68.936,69.099,0.0
2020-09-24,69.032,69.165,68.61,68.949,0.0
2020-09-23,69.564,69.894,68.882,68.983,0.0
2020-09-22,69.74,69.86,69.446,69.543,0.0
2020-09-21,70.732,70.789,69.538,69.744,0.0
2020-09-18,70.676,71.207,70.487,70.696,0.0
2020-09-17,70.622,70.796,70.021,70.663,0.0
2020-09-16,70.74,71.013,70.473,70.606,0.0
2020-09-15,70.831,71.22,70.62,70.72,0.0
2020-09-14,70.677,71.079,70.659,70.832,0.0
2020-09-11,70.533,71.097,70.492,70.751,0.0
2020-09-10,70.979,71.178,70.432,70.528,0.0
2020-09-09,70.029,71.029,69.849,70.901,0.0
2020-09-08,71.13,71.245,70.0,70.038,0.0
2020-09-07,71.34,71.444,71.063,71.108,0.0
2020-09-04,71.18,71.524,70.869,71.378,0.0
2020-09-03,71.814,71.956,70.98,71.182,0.0
2020-09-02,71.708,71.978,71.542,71.799,0.0
2020-09-01,71.301,71.862,71.232,71.6,0.0
2020-08-31,71.157,71.709,70.902,71.294,0.0
2020-08-28,70.79,71.256,70.488,71.043,0.0
2020-08-27,70.158,70.827,70.127,70.784,0.0
2020-08-26,69.621,70.193,69.576,70.151,0.0
2020-08-25,69.157,69.736,69.043,69.618,0.0
2020-08-24,69.283,69.408,69.033,69.149,0.0
2020-08-21,69.102,69.273,68.799,69.241,0.0
2020-08-20,69.53,69.691,68.735,69.103,0.0
2020-08-19,69.575,70.051,69.41,69.52,0.0
2020-08-18,69.465,69.678,68.983,69.574,0.0
2020-08-17,69.719,69.781,69.271,69.467,0.0
2020-08-14,70.037,70.089,69.631,69.739,0.0
2020-08-13,70.298,70.437,69.773,70.036,0.0
2020-08-12,69.963,70.531,69.589,70.296,0.0
2020-08-11,69.816,70.303,69.784,69.964,0.0
2020-08-10,69.816,69.989,69.676,69.812,0.0
2020-08-07,70.537,70.616,69.815,69.869,0.0
2020-08-06,70.223,70.603,69.929,70.534,0.0
2020-08-05,70.215,70.489,69.998,70.212,0.0
2020-08-04,70.1,70.296,69.828,70.212,0.0
2020-08-03,70.223,70.434,69.834,70.099,0.0
2020-07-31,70.113,70.491,69.636,70.21,0.0
2020-07-30,69.966,70.203,69.523,70.116,0.0
2020-07-29,69.966,70.091,69.762,69.963,0.0
2020-07-28,70.46,70.578,69.798,69.96,0.0
2020-07-27,70.365,70.555,70.162,70.457,0.0
2020-07-24,70.919,70.924,70.013,70.484,0.0
2020-07-23,71.358,71.673,70.757,70.918,0.0
2020-07-22,70.999,71.594,70.873,71.35,0.0
2020-07-21,70.515,71.022,70.352,71.0,0.0
2020-07-20,70.177,70.588,70.14,70.523,0.0
2020-07-17,70.159,70.291,70.003,70.158,0.0
2020-07-16,70.295,70.355,70.003,70.154,0.0
2020-07-15,70.172,70.405,69.988,70.29,0.0
2020-07-14,70.171,70.22,69.8,70.165,0.0
2020-07-13,70.316,70.71,70.101,70.17,0.0
2020-07-10,70.422,70.481,69.956,70.256,0.0
2020-07-09,70.513,70.715,70.278,70.413,0.0
2020-07-08,70.421,70.62,70.212,70.504,0.0
2020-07-07,70.383,70.715,70.171,70.414,0.0
2020-07-06,70.302,70.667,70.238,70.372,0.0
2020-07-03,70.022,70.28,69.831,70.113,0.0
2020-07-02,69.64,70.268,69.5,70.018,0.0
2020-07-01,69.643,69.799,69.222,69.635,0.0
2020-06-30,69.112,69.732,68.76,69.643,0.0
2020-06-29,68.743,69.229,68.675,69.127,0.0
2020-06-26,68.93,69.104,68.625,68.857,0.0
2020-06-25,68.575,69.073,68.463,68.931,0.0
2020-06-24,69.145,69.4,68.395,68.576,0.0
2020-06-23,69.379,69.668,68.691,69.145,0.0
2020-06-22,68.367,69.425,68.275,69.378,0.0
2020-06-19,68.772,68.987,68.395,68.478,0.0
2020-06-18,69.116,69.183,68.528,68.765,0.0
2020-06-17,69.244,69.499,68.914,69.115,0.0
2020-06-16,69.758,70.012,68.787,69.24,0.0
2020-06-15,69.039,69.786,68.381,69.752,0.0
2020-06-12,68.586,69.594,68.17,69.248,0.0
2020-06-11,69.786,69.963,68.325,68.582,0.0
2020-06-10,70.168,70.497,69.759,69.781,0.0
2020-06-09,71.187,71.285,69.816,70.159,0.0
2020-06-08,71.44,71.667,70.672,71.185,0.0
2020-06-05,70.57,71.575,70.441,71.271,0.0
2020-06-04,70.059,70.649,69.551,70.564,0.0
2020-06-03,69.14,70.176,69.061,70.059,0.0
2020-06-02,67.669,69.253,67.499,69.139,0.0
2020-06-01,66.755,67.823,66.662,67.655,0.0
2020-05-29,66.769,67.007,66.454,66.915,0.0
2020-05-28,66.633,67.048,66.504,66.774,0.0
2020-05-27,66.615,67.131,66.299,66.653,0.0
2020-05-26,65.71,66.985,65.616,66.616,0.0
2020-05-25,65.673,65.812,65.428,65.706,0.0
2020-05-22,65.922,65.97,65.359,65.596,0.0
2020-05-21,66.16,66.255,65.704,65.916,0.0
2020-05-20,65.52,66.183,65.467,66.154,0.0
2020-05-19,64.856,65.933,64.743,65.5,0.0
2020-05-18,63.703,64.922,63.549,64.856,0.0
2020-05-15,64.336,64.593,63.454,63.594,0.0
2020-05-14,64.17,64.425,63.743,64.333,0.0
2020-05-13,65.265,65.378,63.957,64.171,0.0
2020-05-12,65.396,65.725,64.982,65.265,0.0
2020-05-11,65.539,65.796,65.045,65.396,0.0
2020-05-08,64.809,65.525,64.686,65.465,0.0
2020-05-07,63.632,64.84,63.569,64.809,0.0
2020-05-06,64.566,64.588,63.541,63.629,0.0
2020-05-05,64.523,64.786,64.268,64.565,0.0
2020-05-04,64.35,64.683,64.106,64.517,0.0
2020-05-01,65.489,65.71,64.551,64.808,0.0
2020-04-30,65.39,66.103,65.143,65.487,0.0
2020-04-29,64.749,65.463,64.665,65.39,0.0
2020-04-28,64.715,64.862,64.249,64.747,0.0
2020-04-27,64.615,65.14,64.577,64.714,0.0
2020-04-24,64.649,64.731,64.299,64.695,0.0
2020-04-23,64.131,65.054,63.71,64.64,0.0
2020-04-22,64.171,64.661,64.007,64.131,0.0
2020-04-21,65.075,65.128,63.833,64.165,0.0
2020-04-20,64.942,65.607,64.715,65.068,0.0
2020-04-17,64.651,65.027,64.308,64.885,0.0
2020-04-16,64.322,64.88,63.806,64.651,0.0
2020-04-15,65.433,65.479,64.074,64.328,0.0
2020-04-14,65.69,66.003,64.987,65.433,0.0
2020-04-13,65.761,65.912,65.389,65.69,0.0
2020-04-10,65.897,66.186,65.617,65.637,0.0
2020-04-09,65.461,66.031,65.189,65.897,0.0
2020-04-08,64.964,65.603,64.482,65.46,0.0
2020-04-07,64.717,65.533,64.644,64.964,0.0
2020-04-06,63.529,65.041,63.519,64.714,0.0
2020-04-03,63.96,64.018,63.329,63.553,0.0
2020-04-02,63.519,64.091,63.065,63.967,0.0
2020-04-01,63.867,64.218,63.205,63.519,0.0
2020-03-31,64.968,65.499,63.667,63.857,0.0
2020-03-30,64.704,65.216,64.478,64.965,0.0
2020-03-27,64.944,65.51,64.24,65.137,0.0
2020-03-26,64.319,65.46,63.852,64.943,0.0
2020-03-25,64.85,65.908,64.277,64.319,0.0
2020-03-24,63.375,65.134,63.307,64.848,0.0
2020-03-23,62.396,63.721,61.763,63.365,0.0
2020-03-20,62.227,64.484,62.221,63.303,0.0
2020-03-19,61.919,65.008,59.487,62.26,0.0
2020-03-18,63.731,64.088,61.58,61.907,0.0
2020-03-17,64.298,65.262,63.375,63.735,0.0
2020-03-16,64.156,64.98,63.045,64.307,0.0
2020-03-13,64.195,66.179,63.88,65.47,0.0
2020-03-12,65.584,65.724,63.587,64.195,0.0
2020-03-11,65.969,66.626,65.309,65.579,0.0
2020-03-10,65.056,66.37,64.886,65.965,0.0
2020-03-09,65.592,66.043,61.195,65.056,0.0
2020-03-06,66.865,67.341,66.61,66.98,0.0
2020-03-05,67.663,67.887,66.7,66.87,0.0
2020-03-04,67.154,67.8,66.946,67.662,0.0
2020-03-03,67.681,68.065,67.057,67.153,0.0
2020-03-02,66.6,67.973,66.6,67.681,0.0
2020-02-28,69.121,69.297,66.738,67.492,0.0
2020-02-27,69.43,69.74,68.915,69.125,0.0
2020-02-26,69.635,69.857,69.364,69.44,0.0
2020-02-25,70.119,70.53,69.525,69.629,0.0
2020-02-24,70.381,70.673,70.002,70.122,0.0
2020-02-21,70.952,71.153,70.271,70.862,0.0
2020-02-20,70.967,71.183,70.654,70.952,0.0
2020-02-19,70.152,71.152,70.146,70.967,0.0
2020-02-18,70.736,70.75,70.059,70.159,0.0
2020-02-17,70.72,70.821,70.512,70.731,0.0
2020-02-14,70.716,70.786,70.505,70.624,0.0
2020-02-13,71.132,71.144,70.596,70.715,0.0
2020-02-12,70.29,71.346,70.255,71.121,0.0
2020-02-11,70.065,70.539,69.979,70.287,0.0
2020-02-10,70.283,70.487,69.918,70.065,0.0
2020-02-07,71.05,71.102,70.17,70.26,0.0
2020-02-06,71.115,71.258,70.9,71.042,0.0
2020-02-05,71.106,71.309,70.79,71.12,0.0
2020-02-04,70.22,71.207,69.98,71.098,0.0
2020-02-03,70.011,70.42,69.92,70.201,0.0
2020-01-31,70.704,70.88,69.97,70.04,0.0
2020-01-30,71.14,71.21,70.369,70.694,0.0
2020-01-29,71.47,71.47,71.008,71.136,0.0
2020-01-28,71.246,71.516,70.9,71.459,0.0
2020-01-27,71.798,71.86,71.093,71.246,0.0
2020-01-24,72.472,72.673,72.08,72.23,0.0
2020-01-23,72.388,72.51,71.9,72.473,0.0
2020-01-22,72.45,72.703,72.114,72.388,0.0
2020-01-21,72.792,72.86,72.33,72.431,0.0
2020-01-20,72.812,73.0,72.6,72.789,0.0
2020-01-17,73.065,73.301,72.75,72.83,0.0
2020-01-16,72.716,73.346,72.66,73.06,0.0
2020-01-15,72.693,72.78,72.34,72.716,0.0
2020-01-14,72.867,73.035,72.62,72.693,0.0
2020-01-13,72.67,73.0,72.61,72.863,0.0
2020-01-10,72.347,72.761,72.27,72.63,0.0
2020-01-09,72.498,72.723,72.27,72.347,0.0
2020-01-08,72.029,72.68,71.23,72.49,0.0
2020-01-07,72.267,72.45,71.79,72.029,0.0
2020-01-06,71.73,72.36,71.69,72.267,0.0
2020-01-03,72.69,72.785,71.79,72.04,0.0
2020-01-02,73.111,73.262,72.518,72.671,0.0
2020-01-01,73.05,73.22,72.763,73.1,0.0
2019-12-31,73.209,73.365,72.964,73.05,0.0
2019-12-30,73.31,73.504,73.02,73.209,0.0
2019-12-27,73.04,73.536,72.99,73.31,0.0
2019-12-26,72.56,73.19,72.457,73.046,0.0
2019-12-25,72.57,72.64,72.398,72.46,0.0
2019-12-24,72.549,72.714,72.324,72.59,0.0
2019-12-23,72.207,72.61,72.19,72.546,0.0
2019-12-20,72.29,72.374,72.0,72.26,0.0
2019-12-19,72.07,72.29,71.9,72.287,0.0
2019-12-18,71.928,72.454,71.7,72.067,0.0
2019-12-17,72.257,72.36,71.86,71.926,0.0
2019-12-16,72.104,72.441,72.02,72.257,0.0
2019-12-13,72.467,72.668,71.87,72.2,0.0
2019-12-12,71.453,72.661,71.36,72.47,0.0
2019-12-11,71.141,71.64,70.89,71.457,0.0
2019-12-10,71.054,71.357,70.85,71.142,0.0
2019-12-09,71.243,71.302,70.987,71.054,0.0
2019-12-06,71.146,71.505,71.06,71.27,0.0
2019-12-05,71.012,71.437,70.93,71.154,0.0
2019-12-04,70.787,71.141,70.51,71.016,0.0
2019-12-03,70.852,71.255,70.66,70.784,0.0
2019-12-02,70.42,71.1,70.35,70.851,0.0
2019-11-29,70.268,70.525,70.13,70.31,0.0
2019-11-28,70.34,70.373,70.0,70.269,0.0
2019-11-27,70.08,70.4,70.06,70.334,0.0
2019-11-26,69.938,70.139,69.78,70.078,0.0
2019-11-25,69.66,70.01,69.61,69.938,0.0
2019-11-22,69.536,69.814,69.47,69.59,0.0
2019-11-21,69.526,69.935,69.25,69.536,0.0
2019-11-20,69.782,69.907,69.4,69.522,0.0
2019-11-19,69.48,69.874,69.22,69.787,0.0
2019-11-18,69.599,69.868,69.39,69.494,0.0
2019-11-15,69.12,69.733,69.1,69.69,0.0
2019-11-14,69.742,69.833,68.86,69.118,0.0
2019-11-13,69.004,69.906,68.9,69.733,0.0
2019-11-12,69.361,69.5,68.92,69.0,0.0
2019-11-11,69.12,69.47,69.07,69.361,0.0
2019-11-08,69.535,69.81,68.99,69.16,0.0
2019-11-07,69.36,69.744,68.94,69.535,0.0
2019-11-06,69.64,69.67,69.24,69.346,0.0
2019-11-05,69.389,69.998,69.38,69.645,0.0
2019-11-04,69.615,70.03,69.37,69.397,0.0
2019-11-01,69.277,69.747,69.17,69.54,0.0
2019-10-31,69.74,69.897,69.09,69.276,0.0
2019-10-30,69.16,69.777,69.03,69.735,0.0
2019-10-29,69.161,69.47,69.01,69.147,0.0
2019-10-28,69.062,69.251,68.924,69.159,0.0
2019-10-25,69.29,69.351,68.934,68.97,0.0
2019-10-24,69.778,69.79,69.17,69.29,0.0
2019-10-23,69.535,69.83,69.14,69.776,0.0
2019-10-22,69.57,69.96,69.325,69.537,0.0
2019-10-21,69.153,69.663,69.13,69.568,0.0
2019-10-18,68.919,69.297,68.89,69.18,0.0
2019-10-17,68.358,69.02,68.27,68.919,0.0
2019-10-16,68.52,68.545,67.81,68.358,0.0
2019-10-15,68.31,68.796,67.81,68.516,0.0
2019-10-14,68.701,68.71,67.95,68.304,0.0
2019-10-11,68.236,68.998,68.14,68.69,0.0
2019-10-10,67.24,68.29,67.21,68.236,0.0
2019-10-09,67.379,67.896,67.19,67.24,0.0
2019-10-08,67.41,67.89,67.32,67.378,0.0
2019-10-07,67.456,67.64,67.11,67.396,0.0
2019-10-04,67.318,67.76,67.25,67.56,0.0
2019-10-03,67.15,67.504,67.01,67.318,0.0
2019-10-02,67.217,67.465,66.91,67.152,0.0
2019-10-01,67.64,67.917,67.07,67.216,0.0
2019-09-30,67.866,67.911,67.37,67.644,0.0
2019-09-27,67.857,68.263,67.64,67.95,0.0
2019-09-26,67.604,68.092,67.48,67.857,0.0
2019-09-25,67.733,68.19,67.288,67.604,0.0
2019-09-24,67.648,68.099,67.61,67.731,0.0
2019-09-23,67.46,67.71,67.18,67.649,0.0
2019-09-20,68.04,68.063,67.26,67.31,0.0
2019-09-19,68.518,68.55,67.99,68.039,0.0
2019-09-18,68.76,68.8,68.28,68.516,0.0
2019-09-17,68.614,68.772,68.35,68.755,0.0
2019-09-16,68.838,68.959,68.46,68.622,0.0
2019-09-13,69.25,69.351,68.87,68.93,0.0
2019-09-12,69.127,69.686,69.09,69.241,0.0
2019-09-11,69.031,69.4,68.91,69.135,0.0
2019-09-10,68.91,69.244,68.69,69.031,0.0
2019-09-09,68.685,68.96,68.56,68.91,0.0
2019-09-06,68.196,68.822,68.1,68.71,0.0
2019-09-05,67.6,68.385,67.55,68.185,0.0
2019-09-04,67.09,67.72,67.0,67.589,0.0
2019-09-03,66.98,67.17,66.64,67.085,0.0
2019-09-02,66.887,67.152,66.71,66.974,0.0
2019-08-30,67.22,67.295,66.81,67.08,0.0
2019-08-29,67.17,67.475,66.75,67.224,0.0
2019-08-28,67.28,67.39,66.94,67.166,0.0
2019-08-27,67.768,67.8,67.16,67.283,0.0
2019-08-26,66.588,67.933,66.57,67.773,0.0
2019-08-23,67.79,68.159,67.26,67.5,0.0
2019-08-22,68.242,68.3,67.55,67.784,0.0
2019-08-21,68.17,68.396,68.08,68.241,0.0
2019-08-20,68.33,68.509,68.02,68.153,0.0
2019-08-19,68.448,68.468,68.12,68.334,0.0
2019-08-16,68.323,68.513,68.17,68.39,0.0
2019-08-15,68.13,68.823,67.97,68.322,0.0
2019-08-14,68.86,68.94,67.89,68.139,0.0
2019-08-13,67.83,69.161,67.53,68.86,0.0
2019-08-12,68.29,68.306,67.72,67.825,0.0
2019-08-09,68.681,68.878,68.04,68.34,0.0
2019-08-08,68.415,68.871,68.22,68.679,0.0
2019-08-07,69.445,69.622,67.56,68.41,0.0
2019-08-06,69.46,70.085,69.164,69.445,0.0
2019-08-05,69.57,69.642,68.64,69.459,0.0
2019-08-02,70.433,70.473,69.452,69.66,0.0
2019-08-01,71.342,71.645,70.26,70.432,0.0
2019-07-31,71.828,71.859,71.166,71.34,0.0
2019-07-30,72.177,72.232,71.67,71.817,0.0
2019-07-29,72.1,72.2,71.87,72.174,0.0
2019-07-26,72.356,72.414,72.0,72.11,0.0
2019-07-25,72.46,72.56,72.22,72.357,0.0
2019-07-24,72.522,72.594,72.29,72.459,0.0
2019-07-23,72.91,72.936,72.43,72.524,0.0
2019-07-22,72.857,73.245,72.81,72.906,0.0
2019-07-19,72.762,73.014,72.71,72.8,0.0
2019-07-18,72.68,72.871,72.41,72.759,0.0
2019-07-17,72.522,72.913,72.44,72.678,0.0
2019-07-16,72.5,72.763,72.345,72.522,0.0
2019-07-15,72.22,72.647,72.14,72.501,0.0
2019-07-12,72.283,72.49,72.05,72.23,0.0
2019-07-11,72.04,72.33,71.81,72.283,0.0
2019-07-10,71.905,72.222,71.492,72.042,0.0
2019-07-09,72.03,72.168,71.8,71.905,0.0
2019-07-08,71.917,72.17,71.87,72.031,0.0
2019-07-05,72.16,72.21,71.67,71.89,0.0
2019-07-04,72.331,72.4,71.95,72.16,0.0
2019-07-03,71.995,72.37,71.75,72.326,0.0
2019-07-02,72.309,72.433,71.89,71.993,0.0
2019-07-01,72.929,72.93,72.128,72.309,0.0
2019-06-28,72.239,72.5,71.97,72.44,0.0
2019-06-27,71.94,72.261,71.836,72.239,0.0
2019-06-26,71.09,72.063,70.792,71.945,0.0
2019-06-25,71.067,71.3,70.937,71.084,0.0
2019-06-24,70.778,71.11,70.69,71.065,0.0
2019-06-21,70.67,70.782,70.42,70.71,0.0
2019-06-20,70.882,71.107,70.532,70.667,0.0
2019-06-19,70.872,70.991,70.546,70.882,0.0
2019-06-18,70.53,70.911,70.25,70.872,0.0
2019-06-17,70.49,70.759,70.395,70.528,0.0
2019-06-14,71.091,71.118,70.394,70.48,0.0
2019-06-13,71.33,71.428,71.05,71.091,0.0
2019-06-12,71.44,71.462,71.143,71.332,0.0
2019-06-11,71.68,71.793,71.35,71.435,0.0
2019-06-10,72.18,72.25,71.548,71.673,0.0
2019-06-07,71.79,72.15,71.69,72.12,0.0
2019-06-06,71.726,71.936,71.56,71.781,0.0
2019-06-05,71.488,72.016,71.46,71.726,0.0
2019-06-04,71.207,71.55,70.97,71.489,0.0
2019-06-03,70.72,71.334,70.66,71.207,0.0
2019-05-31,71.329,71.35,70.66,70.79,0.0
2019-05-30,71.38,71.649,71.167,71.332,0.0
2019-05-29,71.56,71.65,71.07,71.373,0.0
2019-05-28,71.703,71.834,71.413,71.559,0.0
2019-05-27,71.73,71.786,71.477,71.703,0.0
2019-05-24,71.44,71.82,71.32,71.62,0.0
2019-05-23,71.667,71.671,71.27,71.435,0.0
2019-05-22,71.938,71.984,71.567,71.667,0.0
2019-05-21,71.93,72.077,71.56,71.937,0.0
2019-05-20,71.78,72.131,71.747,71.93,0.0
2019-05-17,71.805,71.941,71.48,71.71,0.0
2019-05-16,71.922,72.167,71.62,71.805,0.0
2019-05-15,72.09,72.11,71.52,71.922,0.0
2019-05-14,71.742,72.286,71.7,72.096,0.0
2019-05-13,72.37,72.407,71.61,71.742,0.0
2019-05-10,72.279,72.78,72.2,72.55,0.0
2019-05-09,72.481,72.505,72.01,72.278,0.0
2019-05-08,72.725,72.767,71.821,72.479,0.0
2019-05-07,73.23,73.404,72.62,72.725,0.0
2019-05-06,73.43,73.467,72.8,73.217,0.0
2019-05-03,73.807,73.993,73.62,73.85,0.0
2019-05-02,73.82,74.098,73.66,73.807,0.0
2019-05-01,74.025,74.243,73.667,73.821,0.0
2019-04-30,74.48,74.601,73.823,74.022,0.0
2019-04-29,74.33,74.582,74.31,74.484,0.0
2019-04-26,74.02,74.498,73.9,74.33,0.0
2019-04-25,73.92,74.115,73.61,74.025,0.0
2019-04-24,74.43,74.46,73.64,73.927,0.0
2019-04-23,74.8,74.82,74.17,74.369,0.0
2019-04-22,74.84,74.875,74.65,74.798,0.0
2019-04-19,74.87,74.92,74.734,74.83,0.0
2019-04-18,75.343,75.4,74.531,74.868,0.0
2019-04-17,75.05,75.56,74.98,75.32,0.0
2019-04-16,75.755,75.87,74.638,75.029,0.0
2019-04-15,75.806,75.956,75.57,75.757,0.0
2019-04-12,75.06,75.892,74.95,75.75,0.0
2019-04-11,75.076,75.213,74.87,75.061,0.0
2019-04-10,74.97,75.191,74.75,75.076,0.0
2019-04-09,75.039,75.229,74.85,74.967,0.0
2019-04-08,75.175,75.25,74.91,75.163,0.0
2019-04-05,75.422,75.602,75.06,75.23,0.0
2019-04-04,75.628,75.813,75.24,75.422,0.0
2019-04-03,75.17,75.812,75.03,75.628,0.0
2019-04-02,75.648,75.724,74.98,75.171,0.0
2019-04-01,75.586,75.963,75.44,75.648,0.0
2019-03-29,74.98,75.564,74.93,75.42,0.0
2019-03-28,75.18,75.291,74.72,74.982,0.0
2019-03-27,76.34,76.436,74.88,75.18,0.0
2019-03-26,76.02,76.498,75.91,76.334,0.0
2019-03-25,75.622,76.17,75.42,76.014,0.0
2019-03-22,76.277,76.406,75.47,75.59,0.0
2019-03-21,76.55,76.783,75.98,76.277,0.0
2019-03-20,76.336,76.654,75.914,76.53,0.0
2019-03-19,76.246,76.564,76.09,76.337,0.0
2019-03-18,76.29,76.665,76.22,76.24,0.0
2019-03-15,76.32,76.593,76.25,76.3,0.0
2019-03-14,76.34,76.466,75.94,76.324,0.0
2019-03-13,76.36,76.368,75.98,76.344,0.0
2019-03-12,76.111,76.502,76.0,76.357,0.0
2019-03-11,75.55,76.145,75.3,76.108,0.0
2019-03-08,75.387,75.702,75.0,75.62,0.0
2019-03-07,75.576,75.849,75.15,75.372,0.0
2019-03-06,75.97,76.092,75.48,75.576,0.0
2019-03-05,76.22,76.311,75.8,75.961,0.0
2019-03-04,76.263,76.435,75.93,76.221,0.0
2019-03-01,75.9,76.499,75.856,76.09,0.0
2019-02-28,75.93,76.01,75.644,75.889,0.0
2019-02-27,76.264,76.302,75.699,75.92,0.0
2019-02-26,76.456,76.504,76.08,76.263,0.0
2019-02-25,75.92,76.553,75.87,76.458,0.0
2019-02-22,75.31,75.822,74.823,75.76,0.0
2019-02-21,76.0,76.147,75.212,75.305,0.0
2019-02-20,76.08,76.321,75.878,75.991,0.0
2019-02-19,75.743,76.163,75.389,76.078,0.0
2019-02-18,75.796,76.211,75.602,75.743,0.0
2019-02-15,75.511,75.912,75.099,75.82,0.0
2019-02-14,75.464,76.011,75.359,75.503,0.0
2019-02-13,74.41,75.805,74.318,75.438,0.0
2019-02-12,74.255,74.497,74.18,74.408,0.0
2019-02-11,74.15,74.475,74.098,74.255,0.0
2019-02-08,73.988,74.278,73.806,74.02,0.0
2019-02-07,74.405,74.508,73.969,73.988,0.0
2019-02-06,75.81,75.92,74.307,74.416,0.0
2019-02-05,75.65,75.889,75.521,75.812,0.0
2019-02-04,75.502,75.798,75.443,75.648,0.0
2019-02-01,75.247,75.73,75.043,75.52,0.0
2019-01-31,75.108,75.537,74.891,75.241,0.0
2019-01-30,74.672,75.292,74.523,75.108,0.0
2019-01-29,74.623,75.011,74.433,74.672,0.0
2019-01-28,74.833,75.18,74.554,74.623,0.0
2019-01-25,74.049,75.172,73.934,74.93,0.0
2019-01-24,74.332,74.585,74.03,74.052,0.0
2019-01-23,73.828,74.614,73.711,74.338,0.0
2019-01-22,73.774,73.905,73.306,73.825,0.0
2019-01-21,73.927,73.994,73.558,73.774,0.0
2019-01-18,73.75,74.383,73.658,74.04,0.0
2019-01-17,73.903,74.217,73.187,73.736,0.0
2019-01-16,74.02,74.147,73.463,73.911,0.0
2019-01-15,73.75,74.457,73.701,74.014,0.0
2019-01-14,74.023,74.077,73.447,73.75,0.0
2019-01-11,73.528,74.192,73.445,74.12,0.0
2019-01-10,73.412,73.592,73.048,73.524,0.0
2019-01-09,73.126,73.815,73.117,73.412,0.0
2019-01-08,73.375,73.53,72.864,73.133,0.0
2019-01-07,72.998,73.47,72.905,73.375,0.0
2019-01-04,72.029,73.275,71.812,73.02,0.0
2019-01-03,70.44,72.425,70.262,72.035,0.0
2019-01-02,73.612,73.78,69.194,70.41,0.0
2019-01-01,73.66,73.77,73.578,73.612,0.0
2018-12-31,74.04,74.219,73.498,73.71,0.0
2018-12-28,74.289,74.431,73.825,74.03,0.0
2018-12-27,74.91,74.969,73.968,74.28,0.0
2018-12-26,74.064,74.97,74.022,74.91,0.0
2018-12-25,74.43,74.43,73.995,74.053,0.0
2018-12-24,74.562,74.91,74.061,74.34,0.0
2018-12-21,75.335,75.53,74.547,74.62,0.0
2018-12-20,76.21,76.324,75.136,75.335,0.0
2018-12-19,77.046,77.232,75.992,76.203,0.0
2018-12-18,76.74,77.418,76.718,77.046,0.0
2018-12-17,77.011,77.266,76.643,76.742,0.0
2018-12-14,77.858,77.965,76.946,77.06,0.0
2018-12-13,77.589,78.034,77.53,77.86,0.0
2018-12-12,77.93,78.303,77.351,77.573,0.0
2018-12-11,77.769,78.233,77.571,77.93,0.0
2018-12-10,77.21,77.92,76.934,77.78,0.0
2018-12-07,77.505,77.756,77.119,77.42,0.0
2018-12-06,78.033,78.053,77.131,77.522,0.0
2018-12-05,78.126,78.382,77.947,78.027,0.0
2018-12-04,78.675,78.863,77.95,78.126,0.0
2018-12-03,78.501,78.81,78.212,78.679,0.0
2018-11-30,77.81,78.171,77.697,78.14,0.0
2018-11-29,78.0,78.037,77.55,77.803,0.0
2018-11-28,77.238,78.171,77.149,77.986,0.0
2018-11-27,76.867,77.33,76.588,77.24,0.0
2018-11-26,76.4,77.167,76.357,76.867,0.0
2018-11-23,76.91,76.993,76.324,76.6,0.0
2018-11-22,77.2,77.27,76.634,76.884,0.0
2018-11-21,76.47,77.419,76.415,77.189,0.0
2018-11-20,76.899,77.266,76.409,76.471,0.0
2018-11-19,77.43,77.481,76.768,76.899,0.0
2018-11-16,77.561,77.701,76.989,77.6,0.0
2018-11-15,77.16,77.725,77.023,77.56,0.0
2018-11-14,77.004,77.468,76.902,77.154,0.0
2018-11-13,76.352,77.165,76.192,77.001,0.0
2018-11-12,76.569,76.974,76.306,76.352,0.0
2018-11-09,77.025,77.095,76.505,76.75,0.0
2018-11-08,76.979,77.262,76.819,77.028,0.0
2018-11-07,76.413,77.257,76.231,76.981,0.0
2018-11-06,75.45,76.466,75.271,76.408,0.0
2018-11-05,75.19,75.566,75.0,75.449,0.0
2018-11-02,74.8,75.621,74.782,75.4,0.0
2018-11-01,73.67,75.055,73.558,74.798,0.0
2018-10-31,74.129,74.316,73.488,73.67,0.0
2018-10-30,73.27,74.188,73.236,74.119,0.0
2018-10-29,72.99,73.594,72.819,73.273,0.0
2018-10-26,73.386,73.401,72.347,72.95,0.0
2018-10-25,73.073,73.58,72.788,73.389,0.0
2018-10-24,73.58,73.98,73.036,73.073,0.0
2018-10-23,73.98,74.0,73.235,73.568,0.0
2018-10-22,74.22,74.393,73.778,73.976,0.0
2018-10-19,73.323,74.366,73.246,74.21,0.0
2018-10-18,73.627,73.993,73.17,73.317,0.0
2018-10-17,73.92,74.119,73.578,73.627,0.0
2018-10-16,73.539,74.027,73.452,73.921,0.0
2018-10-15,72.92,73.726,72.745,73.533,0.0
2018-10-12,73.19,73.321,72.749,72.96,0.0
2018-10-11,72.55,73.369,72.327,73.192,0.0
2018-10-10,73.209,73.475,72.284,72.55,0.0
2018-10-09,72.95,73.238,72.725,73.214,0.0
2018-10-08,73.23,73.404,72.719,72.948,0.0
2018-10-05,73.79,73.943,73.048,73.27,0.0
2018-10-04,74.512,74.573,73.631,73.791,0.0
2018-10-03,74.85,75.054,74.444,74.512,0.0
2018-10-02,75.188,75.352,74.679,74.848,0.0
2018-10-01,75.36,75.518,75.139,75.194,0.0
2018-09-28,74.944,75.378,74.843,75.25,0.0
2018-09-27,75.08,75.195,74.699,74.951,0.0
2018-09-26,74.999,75.543,74.877,75.076,0.0
2018-09-25,74.864,75.14,74.797,74.998,0.0
2018-09-24,75.12,75.291,74.776,74.864,0.0
2018-09-21,75.21,75.544,75.107,75.22,0.0
2018-09-20,74.468,75.26,74.433,75.213,0.0
2018-09-19,74.074,74.674,73.798,74.471,0.0
2018-09-18,73.42,74.134,73.257,74.076,0.0
2018-09-17,73.29,73.817,73.173,73.417,0.0
2018-09-14,73.71,73.78,73.266,73.32,0.0
2018-09-13,72.963,73.734,72.887,73.709,0.0
2018-09-12,72.78,73.143,72.501,72.975,0.0
2018-09-11,72.5,72.961,72.4,72.784,0.0
2018-09-10,72.468,72.762,72.232,72.505,0.0
2018-09-07,72.934,73.016,72.377,72.53,0.0
2018-09-06,73.461,73.67,72.825,72.932,0.0
2018-09-05,73.0,73.58,72.86,73.455,0.0
2018-09-04,73.35,73.491,72.821,73.003,0.0
2018-09-03,73.51,73.525,73.145,73.35,0.0
2018-08-31,73.86,73.901,73.3,73.54,0.0
2018-08-30,74.97,75.02,73.656,73.866,0.0
2018-08-29,74.6,75.06,74.382,74.962,0.0
2018-08-28,74.423,74.711,74.233,74.603,0.0
2018-08-27,74.48,74.588,74.102,74.423,0.0
2018-08-24,73.862,74.47,73.721,74.4,0.0
2018-08-23,74.064,74.141,73.684,73.862,0.0
2018-08-22,73.871,74.11,73.724,74.063,0.0
2018-08-21,73.079,74.022,72.935,73.886,0.0
2018-08-20,73.273,73.297,72.939,73.082,0.0
2018-08-17,73.071,73.382,72.768,73.35,0.0
2018-08-16,72.594,73.298,72.425,73.071,0.0
2018-08-15,73.11,73.143,72.349,72.594,0.0
2018-08-14,72.87,73.38,72.673,73.106,0.0
2018-08-13,72.848,73.129,72.326,72.852,0.0
2018-08-10,73.436,73.436,72.702,72.93,0.0
2018-08-09,74.42,74.45,73.378,73.435,0.0
2018-08-08,75.015,75.25,74.276,74.425,0.0
2018-08-07,74.93,75.176,74.826,75.015,0.0
2018-08-06,75.0,75.192,74.885,74.929,0.0
2018-08-03,75.215,75.463,74.867,75.0,0.0
2018-08-02,75.877,75.899,75.156,75.209,0.0
2018-08-01,76.05,76.225,75.701,75.877,0.0
2018-07-31,75.785,76.304,75.549,76.045,0.0
2018-07-30,75.42,75.854,75.34,75.785,0.0
2018-07-27,75.42,75.474,75.164,75.39,0.0
2018-07-26,75.83,75.92,75.364,75.424,0.0
2018-07-25,75.64,75.926,75.389,75.83,0.0
2018-07-24,75.55,75.712,75.244,75.631,0.0
2018-07-23,75.89,75.903,75.465,75.55,0.0
2018-07-20,75.83,76.115,75.471,75.87,0.0
2018-07-19,76.67,76.759,75.677,75.827,0.0
2018-07-18,76.485,76.733,76.165,76.659,0.0
2018-07-17,76.106,76.86,76.069,76.477,0.0
2018-07-16,76.035,76.308,75.843,76.093,0.0
2018-07-13,76.23,76.446,75.719,76.03,0.0
2018-07-12,75.59,76.32,75.533,76.229,0.0
2018-07-11,75.598,75.85,75.399,75.593,0.0
2018-07-10,75.83,76.134,75.509,75.598,0.0
2018-07-09,75.46,75.852,75.375,75.83,0.0
2018-07-06,75.18,75.607,75.024,75.54,0.0
2018-07-05,74.7,75.19,74.527,75.177,0.0
2018-07-04,74.67,74.864,74.504,74.698,0.0
2018-07-03,74.37,74.812,74.066,74.667,0.0
2018-07-02,75.04,75.269,74.105,74.364,0.0
2018-06-29,74.606,75.146,74.4,74.9,0.0
2018-06-28,75.01,75.024,74.376,74.611,0.0
2018-06-27,75.466,75.501,74.695,75.016,0.0
2018-06-26,75.608,75.644,75.161,75.465,0.0
2018-06-25,76.03,76.063,75.372,75.608,0.0
2018-06-22,75.52,76.16,75.477,75.96,0.0
2018-06-21,75.76,75.881,75.279,75.524,0.0
2018-06-20,75.89,76.219,75.535,75.743,0.0
2018-06-19,76.64,76.644,75.47,75.888,0.0
2018-06-18,76.713,76.87,76.333,76.64,0.0
2018-06-15,77.1,77.158,76.621,76.88,0.0
2018-06-14,77.416,77.631,76.93,77.101,0.0
2018-06-13,77.33,77.907,77.275,77.416,0.0
2018-06-12,77.32,77.8,77.165,77.334,0.0
2018-06-11,76.86,77.53,76.799,77.325,0.0
2018-06-08,77.06,77.207,76.56,77.06,0.0
2018-06-07,77.52,77.649,76.896,77.061,0.0
2018-06-06,77.18,77.684,77.12,77.523,0.0
2018-06-05,77.28,77.385,76.82,77.177,0.0
2018-06-04,76.46,77.283,76.377,77.278,0.0
2018-06-01,76.24,76.594,76.135,76.47,0.0
2018-05-31,76.04,76.46,75.636,76.231,0.0
2018-05-30,74.869,76.285,74.586,76.023,0.0
2018-05-29,75.95,75.961,74.542,74.856,0.0
2018-05-28,75.912,76.267,75.735,75.951,0.0
2018-05-25,75.76,76.063,75.363,75.72,0.0
2018-05-24,76.177,76.327,75.343,75.756,0.0
2018-05-23,76.94,76.968,75.545,76.178,0.0
2018-05-22,77.2,77.501,76.789,76.932,0.0
2018-05-21,76.6,77.216,76.501,77.2,0.0
2018-05-18,76.26,76.747,76.177,76.51,0.0
2018-05-17,76.18,76.441,76.008,76.252,0.0
2018-05-16,75.66,76.255,75.572,76.179,0.0
2018-05-15,75.86,76.085,75.615,75.645,0.0
2018-05-14,76.14,76.241,75.738,75.854,0.0
2018-05-11,76.299,76.374,76.039,76.22,0.0
2018-05-10,76.14,76.305,75.788,76.296,0.0
2018-05-09,75.97,76.795,75.912,76.145,0.0
2018-05-08,76.57,76.586,75.885,75.94,0.0
2018-05-07,76.56,76.735,76.347,76.575,0.0
2018-05-04,76.859,76.96,76.236,76.6,0.0
2018-05-03,76.82,77.131,76.506,76.86,0.0
2018-05-02,76.86,77.193,76.714,76.826,0.0
2018-05-01,76.864,77.17,76.718,76.856,0.0
2018-04-30,77.27,77.332,76.806,76.864,0.0
2018-04-27,77.157,77.401,76.917,77.23,0.0
2018-04-26,77.33,77.439,77.118,77.163,0.0
2018-04-25,77.394,77.511,77.095,77.324,0.0
2018-04-24,77.75,77.804,77.223,77.394,0.0
2018-04-23,77.68,77.82,77.494,77.741,0.0
2018-04-20,78.04,78.103,77.428,77.58,0.0
2018-04-19,78.57,78.769,77.917,78.043,0.0
2018-04-18,78.59,78.793,78.337,78.568,0.0
2018-04-17,78.9,78.95,78.457,78.593,0.0
2018-04-16,79.09,79.118,78.637,78.905,0.0
2018-04-13,79.114,79.615,78.816,78.95,0.0
2018-04-12,78.589,79.21,78.584,79.114,0.0
2018-04-11,79.0,79.06,78.484,78.615,0.0
2018-04-10,77.96,79.15,77.885,78.999,0.0
2018-04-09,77.787,78.402,77.679,77.964,0.0
2018-04-06,77.875,78.016,77.596,77.71,0.0
2018-04-05,78.14,78.227,77.799,77.869,0.0
2018-04-04,77.35,78.147,77.098,78.137,0.0
2018-04-03,76.304,77.461,76.143,77.345,0.0
2018-04-02,76.911,76.998,76.202,76.304,0.0
2018-03-30,76.997,77.038,76.663,76.98,0.0
2018-03-29,76.944,77.05,76.56,76.998,0.0
2018-03-28,76.54,77.18,76.41,76.944,0.0
2018-03-27,76.943,77.085,76.419,76.521,0.0
2018-03-26,75.86,77.024,75.827,76.949,0.0
2018-03-23,75.702,76.426,75.525,75.79,0.0
2018-03-22,76.56,76.776,75.529,75.684,0.0
2018-03-21,76.47,76.86,75.951,76.56,0.0
2018-03-20,76.756,77.048,76.325,76.473,0.0
2018-03-19,76.5,77.011,76.052,76.745,0.0
2018-03-16,77.292,77.351,76.409,76.5,0.0
2018-03-15,77.746,77.77,77.076,77.288,0.0
2018-03-14,78.0,78.299,77.614,77.731,0.0
2018-03-13,77.617,78.623,77.533,78.001,0.0
2018-03-12,78.02,78.165,77.532,77.617,0.0
2018-03-09,77.175,78.012,77.143,77.81,0.0
2018-03-08,77.22,77.389,76.849,77.172,0.0
2018-03-07,76.988,77.36,76.766,77.21,0.0
2018-03-06,76.702,77.669,76.658,76.985,0.0
2018-03-05,76.44,76.783,75.909,76.707,0.0
2018-03-02,77.041,77.28,76.137,76.51,0.0
2018-03-01,76.838,77.712,76.596,77.041,0.0
2018-02-28,77.697,77.812,76.805,76.843,0.0
2018-02-27,78.061,78.114,77.604,77.688,0.0
2018-02-26,78.04,78.313,77.753,78.065,0.0
2018-02-23,78.321,78.375,77.619,77.91,0.0
2018-02-22,78.745,78.857,78.186,78.336,0.0
2018-02-21,78.81,79.298,78.703,78.747,0.0
2018-02-20,78.593,78.938,78.431,78.814,0.0
2018-02-19,78.45,78.796,78.371,78.582,0.0
2018-02-16,78.446,78.788,78.301,78.35,0.0
2018-02-15,78.8,78.933,78.314,78.46,0.0
2018-02-14,78.415,78.95,77.628,78.796,0.0
2018-02-13,78.92,79.04,78.219,78.43,0.0
2018-02-12,78.874,79.098,78.469,78.919,0.0
2018-02-09,78.456,79.081,78.077,78.93,0.0
2018-02-08,79.0,79.296,78.273,78.455,0.0
2018-02-07,80.569,80.58,78.908,78.999,0.0
2018-02-06,79.402,80.582,79.106,80.566,0.0
2018-02-05,80.278,80.532,79.185,79.417,0.0
2018-02-02,80.926,81.032,80.31,80.38,0.0
2018-02-01,80.458,81.067,80.376,80.912,0.0
2018-01-31,79.702,80.916,79.693,80.451,0.0
2018-01-30,79.78,79.938,79.143,79.7,0.0
2018-01-29,79.83,80.001,79.602,79.779,0.0
2018-01-26,79.96,80.434,79.574,79.8,0.0
2018-01-25,80.067,80.599,79.926,79.942,0.0
2018-01-24,81.06,81.197,80.02,80.067,0.0
2018-01-23,81.244,81.567,80.738,81.054,0.0
2018-01-22,80.52,81.3,80.479,81.249,0.0
2018-01-19,81.06,81.1,80.422,80.48,0.0
2018-01-18,80.837,81.272,80.652,81.056,0.0
2018-01-17,80.21,81.21,80.126,80.832,0.0
2018-01-16,80.65,81.027,80.16,80.205,0.0
2018-01-15,80.475,80.875,80.352,80.641,0.0
2018-01-12,80.819,80.901,80.376,80.38,0.0
2018-01-11,80.219,80.9,80.168,80.816,0.0
2018-01-10,80.57,80.645,79.977,80.207,0.0
2018-01-09,81.12,81.311,80.518,80.542,0.0
2018-01-08,81.049,81.277,80.954,81.116,0.0
2018-01-05,80.671,81.272,80.598,80.97,0.0
2018-01-04,79.78,80.75,79.726,80.672,0.0
2018-01-03,79.671,79.94,79.462,79.778,0.0
2018-01-02,79.93,80.31,79.486,79.671,0.0
2018-01-01,79.86,80.07,79.564,79.913,0.0
2017-12-29,79.958,80.174,79.786,79.89,0.0
2017-12-28,79.937,80.153,79.807,79.951,0.0
2017-12-27,79.592,80.17,79.554,79.934,0.0
2017-12-26,79.532,79.74,79.407,79.59,0.0
2017-12-25,79.43,79.7,79.234,79.53,0.0
2017-12-22,79.532,79.621,79.364,79.55,0.0
2017-12-21,79.392,79.647,79.23,79.531,0.0
2017-12-20,78.755,79.57,78.512,79.371,0.0
2017-12-19,78.718,79.031,78.611,78.737,0.0
2017-12-18,78.787,79.202,78.67,78.714,0.0
2017-12-15,78.431,78.991,78.37,78.72,0.0
2017-12-14,79.053,79.212,78.357,78.416,0.0
2017-12-13,78.701,79.192,78.599,79.052,0.0
2017-12-12,78.438,78.891,78.34,78.712,0.0
2017-12-11,77.682,78.599,77.607,78.444,0.0
2017-12-08,77.215,77.819,77.178,77.51,0.0
2017-12-07,77.115,77.426,76.915,77.213,0.0
2017-12-06,77.414,77.55,77.077,77.13,0.0
2017-12-05,77.171,77.74,77.112,77.406,0.0
2017-12-04,77.358,77.592,76.98,77.172,0.0
2017-12-01,76.851,77.445,76.712,77.215,0.0
2017-11-30,77.102,77.163,76.565,76.833,0.0
2017-11-29,76.888,77.241,76.738,77.102,0.0
2017-11-28,76.85,77.346,76.73,76.896,0.0
2017-11-27,76.691,76.936,76.315,76.838,0.0
2017-11-24,76.595,76.833,76.393,76.65,0.0
2017-11-23,76.481,76.785,76.267,76.595,0.0
2017-11-22,76.764,76.942,76.401,76.483,0.0
2017-11-21,76.658,76.894,76.367,76.762,0.0
2017-11-20,76.295,76.74,76.072,76.654,0.0
2017-11-17,77.477,77.506,76.193,76.33,0.0
2017-11-16,77.569,77.63,77.29,77.474,0.0
2017-11-15,77.959,78.107,77.494,77.559,0.0
2017-11-14,78.347,78.453,77.805,77.961,0.0
2017-11-13,78.615,78.797,78.197,78.347,0.0
2017-11-10,78.644,78.904,78.419,78.65,0.0
2017-11-09,79.315,79.462,78.582,78.652,0.0
2017-11-08,78.67,79.4,78.473,79.316,0.0
2017-11-07,78.98,79.146,78.494,78.659,0.0
2017-11-06,78.875,79.178,78.557,78.979,0.0
2017-11-03,78.807,79.211,78.701,78.76,0.0
2017-11-02,78.629,78.994,78.579,78.813,0.0
2017-11-01,78.363,78.979,78.29,78.63,0.0
2017-10-31,77.753,78.544,77.324,78.363,0.0
2017-10-30,78.045,78.073,77.637,77.741,0.0
2017-10-27,77.978,78.27,77.849,78.14,0.0
2017-10-26,78.201,78.281,77.827,77.99,0.0
2017-10-25,78.666,78.726,77.922,78.201,0.0
2017-10-24,79.127,79.365,78.303,78.666,0.0
2017-10-23,79.078,79.486,78.906,79.127,0.0
2017-10-20,79.115,79.243,78.799,79.05,0.0
2017-10-19,80.895,80.96,78.891,79.111,0.0
2017-10-18,80.452,80.942,80.169,80.896,0.0
2017-10-17,80.606,80.693,80.253,80.452,0.0
2017-10-16,80.275,80.855,80.127,80.616,0.0
2017-10-13,80.118,80.543,79.824,80.19,0.0
2017-10-12,79.821,80.19,79.644,80.12,0.0
2017-10-11,79.453,79.85,79.244,79.821,0.0
2017-10-10,79.559,79.856,79.25,79.454,0.0
2017-10-09,79.469,79.823,79.419,79.552,0.0
2017-10-06,80.241,80.347,79.75,79.75,0.0
2017-10-05,80.733,80.81,80.179,80.241,0.0
2017-10-04,80.714,81.132,80.625,80.735,0.0
2017-10-03,81.082,81.264,80.624,80.711,0.0
2017-10-02,81.361,81.4,80.927,81.082,0.0
2017-09-29,81.296,81.429,80.934,81.0,0.0
2017-09-28,81.328,81.657,80.961,81.296,0.0
2017-09-27,80.947,81.545,80.819,81.322,0.0
2017-09-26,81.119,81.342,80.47,80.939,0.0
2017-09-25,82.102,82.111,80.897,81.117,0.0
2017-09-22,82.147,82.251,81.34,82.11,0.0
2017-09-21,82.612,82.646,82.039,82.147,0.0
2017-09-20,81.653,82.756,81.39,82.612,0.0
2017-09-19,80.919,81.785,80.888,81.653,0.0
2017-09-18,80.993,81.651,80.794,80.915,0.0
2017-09-15,79.453,81.046,79.416,80.78,0.0
2017-09-14,80.092,80.357,79.215,79.453,0.0
2017-09-13,80.327,80.386,79.855,80.103,0.0
2017-09-12,79.402,80.368,78.919,80.318,0.0
2017-09-11,78.53,79.468,78.241,79.403,0.0
2017-09-08,78.368,79.167,78.183,78.28,0.0
2017-09-07,78.61,78.74,78.166,78.374,0.0
2017-09-06,78.703,78.853,78.299,78.605,0.0
2017-09-05,78.563,79.096,78.26,78.704,0.0
2017-09-04,78.679,78.84,78.325,78.581,0.0
2017-09-01,78.968,79.123,78.715,78.84,0.0
2017-08-31,79.461,79.637,78.702,78.958,0.0
2017-08-30,79.585,79.906,79.253,79.466,0.0
2017-08-29,78.593,79.694,78.508,79.581,0.0
2017-08-28,79.271,79.361,78.266,78.583,0.0
2017-08-25,78.943,79.321,78.842,79.2,0.0
2017-08-24,78.786,79.032,78.474,78.94,0.0
2017-08-23,79.853,79.924,78.55,78.786,0.0
2017-08-22,79.864,80.12,79.535,79.838,0.0
2017-08-21,79.934,80.004,79.589,79.867,0.0
2017-08-18,79.748,80.362,79.502,79.77,0.0
2017-08-17,80.469,80.577,79.656,79.757,0.0
2017-08-16,80.025,80.62,79.921,80.474,0.0
2017-08-15,80.0,80.601,79.857,80.025,0.0
2017-08-14,79.911,80.195,79.751,79.994,0.0
2017-08-11,79.325,79.933,79.066,79.8,0.0
2017-08-10,80.887,80.976,79.256,79.323,0.0
2017-08-09,80.698,81.115,80.208,80.896,0.0
2017-08-08,81.455,81.541,80.661,80.689,0.0
2017-08-07,82.12,82.162,81.38,81.45,0.0
2017-08-04,81.803,82.252,81.717,82.01,0.0
2017-08-03,82.153,82.167,81.673,81.803,0.0
2017-08-02,81.9,82.38,81.869,82.146,0.0
2017-08-01,82.79,83.008,81.875,81.895,0.0
2017-07-31,83.055,83.126,82.529,82.788,0.0
2017-07-28,83.369,83.401,82.935,83.1,0.0
2017-07-27,83.619,83.91,83.038,83.371,0.0
2017-07-26,82.999,83.685,82.889,83.619,0.0
2017-07-25,82.673,83.077,82.328,83.005,0.0
2017-07-24,82.83,82.84,82.277,82.676,0.0
2017-07-21,82.818,83.174,82.578,82.82,0.0
2017-07-20,82.35,83.04,82.195,82.824,0.0
2017-07-19,82.298,82.777,82.091,82.356,0.0
2017-07-18,81.858,82.623,81.666,82.3,0.0
2017-07-17,82.79,82.81,81.787,81.863,0.0
2017-07-14,82.98,83.177,82.413,82.64,0.0
2017-07-13,82.193,83.277,82.075,82.98,0.0
2017-07-12,82.287,82.328,81.911,82.19,0.0
2017-07-11,82.753,82.902,82.152,82.287,0.0
2017-07-10,82.938,83.158,82.727,82.753,0.0
2017-07-07,82.29,83.048,82.267,82.87,0.0
2017-07-06,82.439,82.6,82.045,82.291,0.0
2017-07-05,82.394,82.645,82.072,82.422,0.0
2017-07-04,82.553,82.66,82.036,82.388,0.0
2017-07-03,82.449,82.826,82.18,82.544,0.0
2017-06-30,81.75,82.489,81.721,82.36,0.0
2017-06-29,82.049,82.364,81.395,81.749,0.0
2017-06-28,81.615,82.158,81.291,82.056,0.0
2017-06-27,81.39,81.883,81.368,81.621,0.0
2017-06-26,80.964,81.604,80.912,81.392,0.0
2017-06-23,80.867,81.181,80.712,81.01,0.0
2017-06-22,80.607,80.964,80.396,80.873,0.0
2017-06-21,80.674,81.012,80.137,80.605,0.0
2017-06-20,80.648,81.116,80.513,80.674,0.0
2017-06-19,80.408,81.018,80.399,80.648,0.0
2017-06-16,79.907,80.644,79.809,80.23,0.0
2017-06-15,79.274,79.999,78.951,79.922,0.0
2017-06-14,79.361,80.007,79.194,79.274,0.0
2017-06-13,79.082,79.561,79.07,79.336,0.0
2017-06-12,79.51,79.567,78.926,79.088,0.0
2017-06-09,79.244,79.76,78.993,79.54,0.0
2017-06-08,78.97,79.563,78.81,79.245,0.0
2017-06-07,78.59,79.078,78.492,78.975,0.0
2017-06-06,78.815,78.817,78.374,78.595,0.0
2017-06-05,78.843,78.976,78.638,78.815,0.0
2017-06-02,78.716,79.13,78.63,78.88,0.0
2017-06-01,78.44,78.748,78.289,78.716,0.0
2017-05-31,78.565,78.964,78.352,78.44,0.0
2017-05-30,78.429,78.718,77.966,78.575,0.0
2017-05-29,78.488,78.909,78.339,78.42,0.0
2017-05-26,78.469,78.688,78.119,78.61,0.0
2017-05-25,78.63,78.866,78.413,78.469,0.0
2017-05-24,78.435,78.736,78.164,78.623,0.0
2017-05-23,77.746,78.503,77.626,78.431,0.0
2017-05-22,77.167,77.899,77.062,77.737,0.0
2017-05-19,76.862,77.306,76.471,76.97,0.0
2017-05-18,77.016,77.236,76.25,76.877,0.0
2017-05-17,77.737,77.816,76.757,77.006,0.0
2017-05-16,78.281,78.504,77.659,77.745,0.0
2017-05-15,77.803,78.49,77.711,78.281,0.0
2017-05-12,77.858,77.961,77.52,77.78,0.0
2017-05-11,78.097,78.359,77.634,77.862,0.0
2017-05-10,78.422,79.367,77.917,78.076,0.0
2017-05-09,78.338,78.907,78.042,78.422,0.0
2017-05-08,77.878,78.373,77.595,78.333,0.0
2017-05-05,77.305,78.09,76.957,77.98,0.0
2017-05-04,77.657,77.757,77.002,77.299,0.0
2017-05-03,78.002,78.017,77.358,77.663,0.0
2017-05-02,77.31,78.022,77.274,78.002,0.0
2017-05-01,76.447,77.387,76.363,77.323,0.0
2017-04-28,76.558,76.65,76.327,76.58,0.0
2017-04-27,76.67,76.989,76.11,76.544,0.0
2017-04-26,77.161,77.379,76.375,76.67,0.0
2017-04-25,77.026,77.264,76.646,77.175,0.0
2017-04-24,77.476,77.6,76.911,77.021,0.0
2017-04-21,76.582,76.807,76.307,76.73,0.0
2017-04-20,76.684,76.769,76.375,76.584,0.0
2017-04-19,76.376,76.713,76.064,76.691,0.0
2017-04-18,76.467,76.644,76.166,76.364,0.0
2017-04-17,76.108,76.49,75.84,76.464,0.0
2017-04-14,76.42,76.423,75.914,75.97,0.0
2017-04-13,76.104,76.584,75.986,76.416,0.0
2017-04-12,76.279,76.36,75.63,76.108,0.0
2017-04-11,77.146,77.203,76.106,76.279,0.0
2017-04-10,77.204,77.439,77.071,77.154,0.0
2017-04-07,77.253,77.379,76.657,76.99,0.0
2017-04-06,77.085,77.468,76.842,77.248,0.0
2017-04-05,77.31,77.521,76.925,77.085,0.0
2017-04-04,77.77,77.771,76.946,77.314,0.0
2017-04-03,77.971,78.116,77.559,77.768,0.0
2017-03-31,78.246,78.411,77.828,77.99,0.0
2017-03-30,78.138,78.339,77.756,78.239,0.0
2017-03-29,77.9,78.204,77.691,78.135,0.0
2017-03-28,77.946,78.125,77.443,77.897,0.0
2017-03-27,77.822,78.002,77.62,77.947,0.0
2017-03-24,78.001,78.292,77.771,78.2,0.0
2017-03-23,78.407,78.516,77.817,77.999,0.0
2017-03-22,78.531,78.658,77.965,78.412,0.0
2017-03-21,79.317,79.592,78.463,78.515,0.0
2017-03-20,79.351,79.447,79.273,79.32,0.0
2017-03-17,79.133,79.506,78.839,78.99,0.0
2017-03-16,79.553,79.761,78.821,79.122,0.0
2017-03-15,79.382,79.938,79.351,79.548,0.0
2017-03-14,79.484,79.586,79.27,79.39,0.0
2017-03-13,79.532,79.683,79.363,79.491,0.0
2017-03-10,79.374,80.061,79.336,79.48,0.0
2017-03-09,79.044,79.428,78.878,79.371,0.0
2017-03-08,79.3,79.489,78.949,79.05,0.0
2017-03-07,79.646,79.934,79.213,79.308,0.0
2017-03-06,80.175,80.246,79.545,79.645,0.0
2017-03-03,80.758,80.786,80.141,80.3,0.0
2017-03-02,81.297,81.501,80.72,80.761,0.0
2017-03-01,81.043,81.468,80.64,81.296,0.0
2017-02-28,81.037,81.168,80.65,81.042,0.0
2017-02-27,80.76,81.238,80.49,81.03,0.0
2017-02-24,81.528,81.6,80.525,80.69,0.0
2017-02-23,81.396,81.747,81.274,81.533,0.0
2017-02-22,81.373,81.54,80.823,81.388,0.0
2017-02-21,81.274,81.44,80.993,81.373,0.0
2017-02-20,81.159,81.353,80.936,81.285,0.0
2017-02-17,81.702,81.931,80.98,81.0,0.0
2017-02-16,82.412,82.598,81.568,81.705,0.0
2017-02-15,81.951,82.511,81.807,82.433,0.0
2017-02-14,81.619,82.059,81.342,81.964,0.0
2017-02-13,81.82,82.1,81.47,81.618,0.0
2017-02-10,81.342,81.877,81.33,81.5,0.0
2017-02-09,81.027,81.52,80.637,81.353,0.0
2017-02-08,81.939,82.159,80.968,81.041,0.0
2017-02-07,81.822,82.517,81.593,81.932,0.0
2017-02-06,82.26,82.457,81.656,81.823,0.0
2017-02-03,82.176,82.568,81.903,82.33,0.0
2017-02-02,82.179,82.59,82.028,82.195,0.0
2017-02-01,82.229,82.675,82.062,82.17,0.0
2017-01-31,82.859,82.942,82.171,82.244,0.0
2017-01-30,83.525,83.594,82.686,82.859,0.0
2017-01-27,82.93,83.805,82.821,83.64,0.0
2017-01-26,82.692,83.05,82.469,82.902,0.0
2017-01-25,82.578,82.86,82.015,82.678,0.0
2017-01-24,81.707,82.622,81.514,82.574,0.0
2017-01-23,82.026,82.064,81.39,81.697,0.0
2017-01-20,82.578,82.866,81.945,82.13,0.0
2017-01-19,81.68,82.739,81.634,82.586,0.0
2017-01-18,81.322,81.784,81.087,81.676,0.0
2017-01-17,80.988,81.498,80.899,81.326,0.0
2017-01-16,81.471,81.637,80.748,80.988,0.0
2017-01-13,81.5,81.918,81.413,81.55,0.0
2017-01-12,81.401,81.645,80.937,81.491,0.0
2017-01-11,80.919,81.54,80.74,81.404,0.0
2017-01-10,81.334,81.462,80.699,80.906,0.0
2017-01-09,81.54,81.778,81.123,81.331,0.0
2017-01-06,81.005,81.628,80.868,81.4,0.0
2017-01-05,81.662,81.741,80.94,81.001,0.0
2017-01-04,81.402,81.836,81.176,81.67,0.0
2017-01-03,81.28,82.026,81.161,81.41,0.0
2017-01-02,80.982,81.63,80.959,81.242,0.0
2016-12-30,81.11,81.477,80.924,81.01,0.0
2016-12-29,81.072,81.226,80.667,81.104,0.0
2016-12-28,80.956,81.529,80.825,81.065,0.0
2016-12-27,80.79,81.112,80.619,80.927,0.0
2016-12-26,80.582,81.069,80.528,80.79,0.0
2016-12-23,81.15,81.2,80.436,80.73,0.0
2016-12-22,81.122,81.42,80.995,81.13,0.0
2016-12-21,81.633,81.76,80.919,81.1,0.0
2016-12-20,81.109,81.792,81.008,81.622,0.0
2016-12-19,82.074,82.18,80.967,81.094,0.0
2016-12-16,83.246,83.383,81.932,82.01,0.0
2016-12-15,83.28,83.738,82.809,83.24,0.0
2016-12-14,82.97,83.446,82.851,83.277,0.0
2016-12-13,82.653,83.237,82.57,82.977,0.0
2016-12-12,82.179,83.112,82.144,82.66,0.0
2016-12-09,81.836,82.527,81.799,82.21,0.0
2016-12-08,81.54,82.03,81.526,81.836,0.0
2016-12-07,81.173,81.602,81.03,81.555,0.0
2016-12-06,81.255,81.472,80.584,81.177,0.0
2016-12-05,80.14,81.513,80.131,81.235,0.0
2016-12-02,80.913,81.265,80.583,80.99,0.0
2016-12-01,81.038,81.261,80.649,80.916,0.0
2016-11-30,80.212,81.08,80.06,81.046,0.0
2016-11-29,79.173,80.39,79.045,80.221,0.0
2016-11-28,79.46,79.618,78.818,79.17,0.0
2016-11-25,79.332,79.763,79.207,79.7,0.0
2016-11-24,78.759,79.446,78.536,79.342,0.0
2016-11-23,78.46,79.086,78.262,78.752,0.0
2016-11-22,78.323,78.507,78.074,78.454,0.0
2016-11-21,77.634,78.441,77.554,78.333,0.0
2016-11-18,77.394,77.903,77.279,77.74,0.0
2016-11-17,77.106,77.623,76.934,77.379,0.0
2016-11-16,77.375,77.704,76.991,77.123,0.0
2016-11-15,77.076,77.569,76.727,77.401,0.0
2016-11-14,76.108,77.231,75.743,77.063,0.0
2016-11-11,76.995,77.216,75.801,75.89,0.0
2016-11-10,76.983,77.515,76.221,77.007,0.0
2016-11-09,77.383,77.911,73.673,76.949,0.0
2016-11-08,76.787,77.84,76.356,77.382,0.0
2016-11-07,76.07,76.802,76.026,76.762,0.0
2016-11-04,75.428,75.589,75.18,75.53,0.0
2016-11-03,75.33,75.624,74.82,75.426,0.0
2016-11-02,74.95,75.483,74.703,75.323,0.0
2016-11-01,74.966,75.445,74.446,74.925,0.0
2016-10-31,74.87,75.229,74.774,74.974,0.0
2016-10-28,74.943,75.394,74.725,74.98,0.0
2016-10-27,74.771,74.999,74.631,74.942,0.0
2016-10-26,74.628,74.882,74.459,74.765,0.0
2016-10-25,74.243,74.848,74.211,74.621,0.0
2016-10-24,74.361,74.563,74.124,74.249,0.0
2016-10-21,74.766,74.883,73.995,74.32,0.0
2016-10-20,74.813,75.271,74.631,74.772,0.0
2016-10-19,74.749,75.062,74.356,74.813,0.0
2016-10-18,74.413,74.93,74.334,74.758,0.0
2016-10-17,73.801,74.632,73.664,74.431,0.0
2016-10-14,73.497,74.162,73.422,73.75,0.0
2016-10-13,73.538,73.676,73.0,73.489,0.0
2016-10-12,73.157,73.869,73.064,73.533,0.0
2016-10-11,73.982,74.0,72.717,73.162,0.0
2016-10-10,73.882,74.05,73.52,73.982,0.0
2016-10-07,74.421,74.479,73.49,73.74,0.0
2016-10-06,74.107,74.668,73.987,74.437,0.0
2016-10-05,74.01,74.338,73.665,74.11,0.0
2016-10-04,74.094,74.729,73.887,74.002,0.0
2016-10-03,73.849,74.105,73.479,74.083,0.0
2016-09-30,73.401,73.937,72.955,73.81,0.0
2016-09-29,73.336,74.155,73.018,73.409,0.0
2016-09-28,73.289,73.376,72.81,73.326,0.0
2016-09-27,72.96,73.883,72.687,73.289,0.0
2016-09-26,73.077,73.126,72.639,72.947,0.0
2016-09-23,73.721,73.785,72.956,73.15,0.0
2016-09-22,73.724,73.961,73.443,73.72,0.0
2016-09-21,74.407,74.994,73.346,73.718,0.0
2016-09-20,74.329,74.885,74.27,74.399,0.0
2016-09-19,74.34,74.65,74.199,74.33,0.0
2016-09-16,74.64,74.722,74.123,74.25,0.0
2016-09-15,74.488,74.79,74.049,74.644,0.0
2016-09-14,74.221,75.229,74.195,74.478,0.0
2016-09-13,74.915,75.001,74.032,74.224,0.0
2016-09-12,74.908,75.369,74.295,74.902,0.0
2016-09-09,75.782,75.815,75.09,75.1,0.0
2016-09-08,75.784,75.996,75.353,75.793,0.0
2016-09-07,75.569,75.958,75.03,75.806,0.0
2016-09-06,75.594,75.982,75.546,75.567,0.0
2016-09-05,75.913,76.062,75.412,75.578,0.0
2016-09-02,75.175,75.992,75.145,75.86,0.0
2016-09-01,74.891,75.396,74.692,75.16,0.0
2016-08-31,74.392,75.121,74.343,74.895,0.0
2016-08-30,74.01,74.448,73.828,74.392,0.0
2016-08-29,73.673,74.141,73.478,74.01,0.0
2016-08-26,73.409,74.018,73.31,73.67,0.0
2016-08-25,73.507,73.708,73.249,73.415,0.0
2016-08-24,72.984,73.597,72.898,73.501,0.0
2016-08-23,73.102,73.495,72.934,72.994,0.0
2016-08-22,72.942,73.476,72.659,73.1,0.0
2016-08-19,72.878,73.034,72.555,72.91,0.0
2016-08-18,72.649,73.128,72.354,72.891,0.0
2016-08-17,73.126,73.361,72.209,72.65,0.0
2016-08-16,73.063,73.445,72.491,73.135,0.0
2016-08-15,72.859,73.143,72.566,73.057,0.0
2016-08-12,73.46,73.64,72.706,72.9,0.0
2016-08-11,73.665,73.896,73.147,73.486,0.0
2016-08-10,73.036,74.336,72.63,73.657,0.0
2016-08-09,73.18,73.272,72.758,73.033,0.0
2016-08-08,72.774,73.327,72.34,73.183,0.0
2016-08-05,72.58,73.02,72.497,72.71,0.0
2016-08-04,72.435,73.005,72.348,72.588,0.0
2016-08-03,72.985,73.074,72.202,72.424,0.0
2016-08-02,73.383,73.885,72.731,72.988,0.0
2016-08-01,73.749,74.186,73.315,73.39,0.0
2016-07-29,74.247,75.053,73.109,73.52,0.0
2016-07-28,74.281,74.733,73.206,74.262,0.0
2016-07-27,74.012,74.721,73.824,74.281,0.0
2016-07-26,74.067,74.115,73.182,74.003,0.0
2016-07-25,74.363,74.624,73.897,74.065,0.0
2016-07-22,74.256,74.37,73.712,74.26,0.0
2016-07-21,74.66,75.03,73.746,74.256,0.0
2016-07-20,74.885,75.233,74.298,74.685,0.0
2016-07-19,75.003,75.028,74.188,74.885,0.0
2016-07-18,74.755,75.613,74.452,75.004,0.0
2016-07-15,75.64,76.419,74.39,74.43,0.0
2016-07-14,75.763,76.515,75.313,75.635,0.0
2016-07-13,76.348,76.529,75.358,75.766,0.0
2016-07-12,74.253,76.845,74.062,76.348,0.0
2016-07-11,73.477,74.357,73.307,74.246,0.0
2016-07-08,72.687,73.472,72.662,73.39,0.0
2016-07-07,72.058,73.122,71.727,72.682,0.0
2016-07-06,72.493,72.549,71.236,72.058,0.0
2016-07-05,74.055,74.073,72.444,72.493,0.0
2016-07-04,73.69,74.272,73.425,74.049,0.0
2016-07-01,73.618,73.821,73.25,73.47,0.0
2016-06-30,73.188,73.77,72.33,73.623,0.0
2016-06-29,72.536,73.317,72.201,73.188,0.0
2016-06-28,71.475,72.556,71.24,72.536,0.0
2016-06-27,72.605,72.706,71.117,71.474,0.0
2016-06-24,76.537,76.586,69.172,72.85,0.0
2016-06-23,75.104,77.72,74.784,76.537,0.0
2016-06-22,74.593,75.38,74.406,75.117,0.0
2016-06-21,73.812,74.952,73.677,74.593,0.0
2016-06-20,74.215,74.559,73.737,73.815,0.0
2016-06-17,73.545,74.05,73.252,73.4,0.0
2016-06-16,74.957,74.98,72.301,73.54,0.0
2016-06-15,74.07,75.054,73.807,74.958,0.0
2016-06-14,74.696,74.967,73.944,74.075,0.0
2016-06-13,75.252,75.377,74.441,74.696,0.0
2016-06-10,76.16,76.267,75.098,75.43,0.0
2016-06-09,75.679,76.365,75.476,76.16,0.0
2016-06-08,74.786,76.18,74.378,75.695,0.0
2016-06-07,74.302,75.088,74.061,74.79,0.0
2016-06-06,73.967,74.611,73.75,74.309,0.0
2016-06-03,74.08,74.789,73.888,74.09,0.0
2016-06-02,74.702,74.738,73.806,74.08,0.0
2016-06-01,75.188,75.413,74.235,74.709,0.0
2016-05-31,74.308,75.249,74.285,75.175,0.0
2016-05-30,74.15,74.53,73.977,74.3,0.0
2016-05-27,74.048,74.262,73.596,73.74,0.0
2016-05-26,74.027,74.241,73.437,74.044,0.0
2016-05-25,74.415,74.642,73.97,74.043,0.0
2016-05-24,73.851,74.419,73.264,74.419,0.0
2016-05-23,74.629,74.723,73.763,73.851,0.0
2016-05-20,74.229,74.826,74.137,74.42,0.0
2016-05-19,74.331,74.514,73.874,74.226,0.0
2016-05-18,74.186,74.594,73.729,74.328,0.0
2016-05-17,74.025,74.647,73.799,74.182,0.0
2016-05-16,73.389,74.114,73.364,74.02,0.0
2016-05-13,74.386,74.451,73.437,73.475,0.0
2016-05-12,73.919,74.716,73.762,74.386,0.0
2016-05-11,74.132,74.465,73.661,73.92,0.0
2016-05-10,73.402,74.581,72.984,74.124,0.0
2016-05-09,73.35,73.864,73.215,73.407,0.0
2016-05-06,73.822,73.97,72.534,73.19,0.0
2016-05-05,73.66,74.108,73.588,73.822,0.0
2016-05-04,74.08,74.1,73.342,73.646,0.0
2016-05-03,74.84,74.91,73.325,74.087,0.0
2016-05-02,74.505,74.86,74.281,74.84,0.0
2016-04-29,75.228,75.265,74.101,74.17,0.0
2016-04-28,77.221,77.28,74.943,75.223,0.0
2016-04-27,76.721,77.36,75.932,77.211,0.0
2016-04-26,76.29,76.85,76.047,76.721,0.0
2016-04-25,76.58,76.601,76.036,76.281,0.0
2016-04-22,75.66,76.769,75.524,76.56,0.0
2016-04-21,76.528,76.68,75.543,75.636,0.0
2016-04-20,76.946,76.955,76.078,76.538,0.0
2016-04-19,75.71,77.128,75.699,76.944,0.0
2016-04-18,74.575,75.81,74.388,75.701,0.0
2016-04-15,74.956,75.63,74.909,75.23,0.0
2016-04-14,75.585,75.71,74.655,74.956,0.0
2016-04-13,75.143,75.745,75.07,75.575,0.0
2016-04-12,74.01,75.184,73.9,75.132,0.0
2016-04-11,73.763,74.36,73.125,74.006,0.0
2016-04-08,73.43,74.212,73.408,73.51,0.0
2016-04-07,74.895,75.1,72.878,73.415,0.0
2016-04-06,75.008,75.334,74.546,74.9,0.0
2016-04-05,75.756,75.823,74.618,75.011,0.0
2016-04-04,76.985,77.094,75.56,75.755,0.0
2016-04-01,77.879,77.91,76.67,77.06,0.0
2016-03-31,77.659,78.23,77.283,77.868,0.0
2016-03-30,77.301,78.137,76.858,77.659,0.0
2016-03-29,76.323,77.525,76.258,77.301,0.0
2016-03-28,75.762,76.35,75.642,76.322,0.0
2016-03-25,75.497,75.889,75.462,75.6,0.0
2016-03-24,75.46,75.705,75.249,75.497,0.0
2016-03-23,75.746,75.98,75.233,75.461,0.0
2016-03-22,75.91,75.935,74.864,75.747,0.0
2016-03-21,75.67,75.94,75.116,75.91,0.0
2016-03-18,76.072,76.405,75.5,75.76,0.0
2016-03-17,75.91,76.462,75.439,76.086,0.0
2016-03-16,74.849,76.439,74.608,75.907,0.0
2016-03-15,75.885,76.078,74.413,74.849,0.0
2016-03-14,76.499,76.924,75.703,75.885,0.0
2016-03-11,75.421,77.009,75.283,76.85,0.0
2016-03-10,75.169,76.296,74.983,75.422,0.0
2016-03-09,75.86,77.018,75.123,75.182,0.0
2016-03-08,76.936,77.021,75.792,75.86,0.0
2016-03-07,77.425,77.446,76.569,76.928,0.0
2016-03-04,76.401,77.81,76.238,77.48,0.0
2016-03-03,75.734,76.739,75.535,76.407,0.0
2016-03-02,75.699,75.934,75.236,75.733,0.0
2016-03-01,74.267,75.748,73.962,75.704,0.0
2016-02-29,74.915,75.013,73.933,74.252,0.0
2016-02-26,75.894,76.611,75.272,75.52,0.0
2016-02-25,74.561,76.042,74.44,75.907,0.0
2016-02-24,74.277,74.75,73.538,74.56,0.0
2016-02-23,75.625,75.871,74.25,74.272,0.0
2016-02-22,74.658,76.113,74.468,75.632,0.0
2016-02-19,75.224,75.3,74.153,74.63,0.0
2016-02-18,75.632,76.002,75.03,75.226,0.0
2016-02-17,75.146,75.904,74.437,75.632,0.0
2016-02-16,75.978,76.535,74.369,75.141,0.0
2016-02-15,75.206,76.377,75.052,75.983,0.0
2016-02-12,75.724,75.833,74.506,75.06,0.0
2016-02-11,75.8,76.076,73.191,75.748,0.0
2016-02-10,76.366,76.768,75.49,75.809,0.0
2016-02-09,76.425,76.836,75.103,76.355,0.0
2016-02-08,77.39,78.048,76.251,76.411,0.0
2016-02-05,78.487,78.794,77.34,77.35,0.0
2016-02-04,78.604,79.205,78.311,78.48,0.0
2016-02-03,78.077,79.23,77.943,78.628,0.0
2016-02-02,79.098,79.24,77.614,78.085,0.0
2016-02-01,78.454,79.387,78.116,79.1,0.0
2016-01-29,76.912,79.087,76.771,78.58,0.0
2016-01-28,76.282,77.463,76.003,76.912,0.0
2016-01-27,76.876,77.671,76.041,76.282,0.0
2016-01-26,76.356,77.158,75.724,76.876,0.0
2016-01-25,76.883,77.575,76.29,76.356,0.0
2016-01-22,76.878,77.365,76.509,77.05,0.0
2016-01-21,75.283,77.23,74.757,76.881,0.0
2016-01-20,75.24,75.42,73.629,75.283,0.0
2016-01-19,75.907,76.923,75.126,75.244,0.0
2016-01-18,75.231,76.096,75.173,75.891,0.0
2016-01-15,76.476,76.751,74.592,75.6,0.0
2016-01-14,76.532,76.893,75.482,76.476,0.0
2016-01-13,76.881,77.965,76.43,76.532,0.0
2016-01-12,77.223,77.496,76.447,76.881,0.0
2016-01-11,76.154,77.63,76.078,77.218,0.0
2016-01-08,77.903,79.16,76.649,76.69,0.0
2016-01-07,78.591,79.021,77.457,77.907,0.0
2016-01-06,79.826,79.908,78.45,78.599,0.0
2016-01-05,80.53,80.819,79.405,79.823,0.0
2016-01-04,82.168,82.247,80.106,80.529,0.0
2016-01-01,82.174,82.32,82.148,82.15,0.0
2015-12-31,82.357,82.666,81.942,82.15,0.0
2015-12-30,82.71,82.808,82.327,82.357,0.0
2015-12-29,82.435,82.89,82.369,82.71,0.0
2015-12-28,82.196,82.48,82.136,82.434,0.0
2015-12-25,81.93,82.36,81.777,82.23,0.0
2015-12-24,82.033,82.3,81.907,81.93,0.0
2015-12-23,82.423,82.605,81.745,82.053,0.0
2015-12-22,82.005,82.793,81.97,82.417,0.0
2015-12-21,81.619,82.18,81.458,82.005,0.0
2015-12-18,81.934,82.593,81.138,81.46,0.0
2015-12-17,82.671,82.904,81.886,81.933,0.0
2015-12-16,82.442,83.165,81.93,82.666,0.0
2015-12-15,81.734,82.481,81.725,82.427,0.0
2015-12-14,81.25,81.903,80.905,81.74,0.0
2015-12-11,81.97,82.662,80.976,81.19,0.0
2015-12-10,81.937,82.384,81.672,81.985,0.0
2015-12-09,81.771,82.018,79.697,81.941,0.0
2015-12-08,81.85,81.973,81.25,81.767,0.0
2015-12-07,82.878,82.979,81.737,81.85,0.0
2015-12-04,81.785,83.376,81.748,83.01,0.0
2015-12-03,81.83,82.3,81.376,81.802,0.0
2015-12-02,81.987,82.162,81.676,81.831,0.0
2015-12-01,81.118,82.145,81.069,81.981,0.0
2015-11-30,80.246,81.264,79.964,81.138,0.0
2015-11-27,80.445,80.7,79.957,80.14,0.0
2015-11-26,80.732,80.866,80.38,80.445,0.0
2015-11-25,80.288,80.782,80.239,80.733,0.0
2015-11-24,80.036,80.429,79.665,80.294,0.0
2015-11-23,80.59,80.62,79.959,80.043,0.0
2015-11-20,80.641,81.176,80.47,80.54,0.0
2015-11-19,79.977,80.857,79.956,80.646,0.0
2015-11-18,79.927,80.012,79.441,79.976,0.0
2015-11-17,80.058,80.06,79.533,79.931,0.0
2015-11-16,79.936,80.334,79.593,80.069,0.0
2015-11-13,80.229,80.368,79.819,80.13,0.0
2015-11-12,80.616,80.799,79.922,80.229,0.0
2015-11-11,80.486,80.953,80.446,80.62,0.0
2015-11-10,80.378,80.709,80.111,80.486,0.0
2015-11-09,80.48,81.07,80.355,80.378,0.0
2015-11-06,80.435,80.784,79.934,80.31,0.0
2015-11-05,80.097,80.856,79.963,80.44,0.0
2015-11-04,80.579,80.818,79.891,80.088,0.0
2015-11-03,81.406,81.877,80.526,80.579,0.0
2015-11-02,81.442,81.732,81.174,81.406,0.0
2015-10-30,80.97,81.946,80.94,81.69,0.0
2015-10-29,80.997,81.13,80.248,80.95,0.0
2015-10-28,81.54,81.65,80.216,80.991,0.0
2015-10-27,82.06,82.18,81.354,81.536,0.0
2015-10-26,81.942,82.27,81.687,82.054,0.0
2015-10-23,81.872,82.689,81.472,81.96,0.0
2015-10-22,80.534,82.07,80.456,81.872,0.0
2015-10-21,80.89,81.049,80.242,80.534,0.0
2015-10-20,81.2,81.897,80.753,80.885,0.0
2015-10-19,81.25,81.465,80.819,81.2,0.0
2015-10-16,81.286,81.56,80.714,81.28,0.0
2015-10-15,80.8,81.941,80.657,81.286,0.0
2015-10-14,79.505,80.999,79.434,80.791,0.0
2015-10-13,80.602,80.612,79.241,79.499,0.0
2015-10-12,80.284,80.992,80.156,80.601,0.0
2015-10-09,79.821,80.848,79.792,80.48,0.0
2015-10-08,79.296,80.233,78.889,79.817,0.0
2015-10-07,78.63,79.811,78.598,79.289,0.0
2015-10-06,78.159,78.814,77.93,78.633,0.0
2015-10-05,77.3,78.55,77.193,78.149,0.0
2015-10-02,76.761,77.422,76.159,77.23,0.0
2015-10-01,76.602,77.434,76.458,76.761,0.0
2015-09-30,76.095,76.952,76.043,76.602,0.0
2015-09-29,75.737,76.812,75.163,76.096,0.0
2015-09-28,76.83,77.045,75.665,75.737,0.0
2015-09-25,76.237,77.21,75.82,76.95,0.0
2015-09-24,75.37,76.508,74.941,76.235,0.0
2015-09-23,75.45,75.78,74.865,75.371,0.0
2015-09-22,76.174,76.3,75.215,75.426,0.0
2015-09-21,76.701,76.781,75.878,76.169,0.0
2015-09-18,76.487,77.074,75.943,76.69,0.0
2015-09-17,76.5,77.509,76.045,76.49,0.0
2015-09-16,76.373,76.867,76.233,76.5,0.0
2015-09-15,76.178,76.702,75.322,76.375,0.0
2015-09-14,76.124,76.57,75.67,76.178,0.0
2015-09-11,76.26,76.404,75.664,76.08,0.0
2015-09-10,75.56,76.619,75.094,76.247,0.0
2015-09-09,76.296,77.817,75.513,75.574,0.0
2015-09-08,74.737,76.32,74.495,76.296,0.0
2015-09-07,74.98,75.149,74.434,74.73,0.0
2015-09-04,76.761,76.815,74.566,74.7,0.0
2015-09-03,76.72,77.066,76.153,76.761,0.0
2015-09-02,75.761,76.822,75.51,76.714,0.0
2015-09-01,77.051,77.225,75.44,75.761,0.0
2015-08-31,78.168,78.464,76.587,77.042,0.0
2015-08-28,78.437,78.86,77.732,78.66,0.0
2015-08-27,77.551,78.545,77.075,78.437,0.0
2015-08-26,77.085,78.007,76.276,77.548,0.0
2015-08-25,76.283,78.791,76.262,77.07,0.0
2015-08-24,80.716,80.786,72.349,76.279,0.0
2015-08-21,81.725,81.972,81.276,81.5,0.0
2015-08-20,81.7,82.06,81.471,81.727,0.0
2015-08-19,81.897,82.085,81.374,81.69,0.0
2015-08-18,81.78,82.19,81.592,81.898,0.0
2015-08-17,81.33,81.86,81.177,81.774,0.0
2015-08-14,81.549,81.627,81.081,81.24,0.0
2015-08-13,82.09,82.51,81.489,81.551,0.0
2015-08-12,81.976,82.349,80.953,82.079,0.0
2015-08-11,82.36,82.646,81.432,81.973,0.0
2015-08-10,82.19,82.531,81.787,82.36,0.0
2015-08-07,81.641,82.402,81.457,82.244,0.0
2015-08-06,81.357,81.776,81.294,81.639,0.0
2015-08-05,81.24,81.646,81.018,81.351,0.0
2015-08-04,81.406,81.991,81.084,81.234,0.0
2015-08-03,81.69,82.024,81.216,81.406,0.0
2015-07-31,82.057,82.463,81.231,81.59,0.0
2015-07-30,82.5,82.59,81.677,82.054,0.0
2015-07-29,83.023,83.107,82.276,82.497,0.0
2015-07-28,81.41,83.286,81.399,83.015,0.0
2015-07-27,81.46,81.773,81.27,81.393,0.0
2015-07-24,81.958,82.074,81.201,81.36,0.0
2015-07-23,82.28,82.87,81.731,81.958,0.0
2015-07-22,82.1,82.462,81.369,82.269,0.0
2015-07-21,81.696,82.512,81.626,82.09,0.0
2015-07-20,80.965,81.915,80.749,81.693,0.0
2015-07-17,80.891,81.32,80.73,80.87,0.0
2015-07-16,81.53,81.667,80.444,80.893,0.0
2015-07-15,82.76,82.987,81.229,81.511,0.0
2015-07-14,82.568,82.923,82.236,82.753,0.0
2015-07-13,82.18,83.028,82.138,82.572,0.0
2015-07-10,82.262,82.8,81.937,82.57,0.0
2015-07-09,81.083,82.458,80.78,82.26,0.0
2015-07-08,81.631,81.705,80.655,81.083,0.0
2015-07-07,81.77,82.005,81.008,81.635,0.0
2015-07-06,81.827,82.432,81.441,81.762,0.0
2015-07-03,82.809,82.825,81.857,82.18,0.0
2015-07-02,82.676,82.89,82.257,82.813,0.0
2015-07-01,83.018,83.531,82.646,82.673,0.0
2015-06-30,83.744,83.959,82.485,83.019,0.0
2015-06-29,83.531,84.544,83.506,83.742,0.0
2015-06-26,85.16,85.208,84.502,84.73,0.0
2015-06-25,85.3,85.682,84.863,85.154,0.0
2015-06-24,84.991,85.528,84.905,85.301,0.0
2015-06-23,84.67,85.078,84.546,84.994,0.0
2015-06-22,84.729,85.122,84.606,84.663,0.0
2015-06-19,85.26,85.326,84.506,84.7,0.0
2015-06-18,85.431,85.559,84.705,85.248,0.0
2015-06-17,86.22,86.441,85.259,85.427,0.0
2015-06-16,86.474,86.578,86.074,86.208,0.0
2015-06-15,86.14,86.495,85.972,86.465,0.0
2015-06-12,86.662,86.758,85.878,86.16,0.0
2015-06-11,86.67,86.792,86.255,86.666,0.0
2015-06-10,88.82,89.012,86.005,86.656,0.0
2015-06-09,88.9,88.989,88.268,88.8,0.0
2015-06-08,88.56,89.108,88.31,88.873,0.0
2015-06-05,88.561,89.205,88.325,88.5,0.0
2015-06-04,88.86,89.083,88.375,88.568,0.0
2015-06-03,89.01,89.18,88.666,88.855,0.0
2015-06-02,88.631,89.271,88.385,89.006,0.0
2015-06-01,88.11,88.68,88.016,88.634,0.0
2015-05-29,88.93,89.042,87.862,88.18,0.0
2015-05-28,89.83,89.917,88.628,88.908,0.0
2015-05-27,89.148,89.955,88.896,89.801,0.0
2015-05-26,88.93,89.623,88.823,89.146,0.0
2015-05-25,88.812,88.983,88.707,88.93,0.0
2015-05-22,88.951,89.396,88.656,88.73,0.0
2015-05-21,88.57,89.03,88.38,88.956,0.0
2015-05-20,88.673,89.115,88.328,88.565,0.0
2015-05-19,88.51,89.275,88.282,88.678,0.0
2015-05-18,88.93,89.121,88.402,88.5,0.0
2015-05-15,89.322,89.405,88.929,89.11,0.0
2015-05-14,89.84,90.086,89.184,89.321,0.0
2015-05-13,88.51,90.111,88.179,89.828,0.0
2015-05-12,88.102,88.834,87.635,88.5,0.0
2015-05-11,88.921,88.991,88.03,88.11,0.0
2015-05-08,89.105,89.77,88.96,89.72,0.0
2015-05-07,89.47,89.956,88.758,89.108,0.0
2015-05-06,89.93,90.044,89.392,89.453,0.0
2015-05-05,90.55,90.781,89.835,89.917,0.0
2015-05-04,90.51,90.718,90.163,90.53,0.0
2015-05-01,90.804,91.04,90.22,90.56,0.0
2015-04-30,90.597,91.22,89.949,90.805,0.0
2015-04-29,91.92,92.063,90.402,90.597,0.0
2015-04-28,90.948,91.979,90.691,91.91,0.0
2015-04-27,90.29,91.213,90.257,90.943,0.0
2015-04-24,90.748,90.77,90.198,90.4,0.0
2015-04-23,91.69,91.745,90.453,90.741,0.0
2015-04-22,91.704,92.412,91.629,91.692,0.0
2015-04-21,91.358,92.121,91.15,91.714,0.0
2015-04-20,91.41,91.793,91.173,91.367,0.0
2015-04-17,91.103,91.818,90.991,91.3,0.0
2015-04-16,90.46,91.53,90.36,91.098,0.0
2015-04-15,89.674,90.547,89.462,90.459,0.0
2015-04-14,89.519,90.022,89.007,89.68,0.0
2015-04-13,90.52,90.63,89.094,89.505,0.0
2015-04-10,91.11,91.52,90.352,90.51,0.0
2015-04-09,90.761,91.345,90.536,91.105,0.0
2015-04-08,90.24,91.082,90.192,90.753,0.0
2015-04-07,90.107,90.54,89.863,90.235,0.0
2015-04-06,90.39,90.656,89.927,90.097,0.0
2015-04-03,89.906,90.643,89.415,90.28,0.0
2015-04-02,89.057,90.002,88.819,89.908,0.0
2015-04-01,89.532,89.612,88.734,89.06,0.0
2015-03-31,90.02,90.268,89.288,89.532,0.0
2015-03-30,90.08,90.342,89.694,90.013,0.0
2015-03-27,90.488,90.558,89.98,90.09,0.0
2015-03-26,90.73,90.82,89.936,90.481,0.0
2015-03-25,91.394,91.75,90.684,90.722,0.0
2015-03-24,91.748,91.87,91.119,91.394,0.0
2015-03-23,90.875,91.905,90.606,91.741,0.0
2015-03-20,89.65,91.142,89.546,90.799,0.0
2015-03-19,89.927,90.259,89.084,89.642,0.0
2015-03-18,88.69,90.575,88.203,89.917,0.0
2015-03-17,89.51,89.835,88.582,88.692,0.0
2015-03-16,88.974,89.852,88.749,89.507,0.0
2015-03-13,89.72,89.865,88.666,89.024,0.0
2015-03-12,88.74,89.926,88.564,89.697,0.0
2015-03-11,88.17,88.902,87.247,88.737,0.0
2015-03-10,89.04,89.224,87.873,88.166,0.0
2015-03-09,88.892,89.45,88.6,89.033,0.0
2015-03-06,89.88,90.245,88.796,88.9,0.0
2015-03-05,90.78,90.957,89.544,89.877,0.0
2015-03-04,90.314,91.102,90.269,90.761,0.0
2015-03-03,90.164,90.54,89.96,90.322,0.0
2015-03-02,90.368,90.566,90.025,90.18,0.0
2015-02-27,89.809,90.596,89.794,90.44,0.0
2015-02-26,89.965,90.375,89.682,89.808,0.0
2015-02-25,89.077,90.02,88.838,89.966,0.0
2015-02-24,89.4,89.602,88.661,89.075,0.0
2015-02-23,89.573,89.726,89.252,89.38,0.0
2015-02-20,89.52,89.8,88.91,89.51,0.0
2015-02-19,89.533,89.82,89.214,89.509,0.0
2015-02-18,89.821,89.979,89.452,89.533,0.0
2015-02-17,88.772,90.106,88.518,89.809,0.0
2015-02-16,88.692,89.275,88.512,88.758,0.0
2015-02-13,88.414,88.684,88.149,88.53,0.0
2015-02-12,88.7,88.807,87.24,88.411,0.0
2015-02-11,88.374,88.972,88.34,88.688,0.0
2015-02-10,87.736,88.605,87.69,88.374,0.0
2015-02-09,87.511,88.31,87.25,87.738,0.0
2015-02-06,87.042,87.832,86.627,87.66,0.0
2015-02-05,86.357,87.304,86.1,87.042,0.0
2015-02-04,86.26,87.699,85.761,86.349,0.0
2015-02-03,85.889,87.178,84.047,86.265,0.0
2015-02-02,84.895,85.946,84.822,85.875,0.0
2015-01-30,86.13,86.244,84.753,85.29,0.0
2015-01-29,85.978,86.74,85.6,86.111,0.0
2015-01-28,87.737,88.34,85.877,85.983,0.0
2015-01-27,87.964,88.258,87.302,87.755,0.0
2015-01-26,87.252,88.278,86.827,87.952,0.0
2015-01-23,88.96,89.21,87.62,87.84,0.0
2015-01-22,89.206,89.32,88.468,88.945,0.0
2015-01-21,90.633,90.763,88.944,89.213,0.0
2015-01-20,91.46,91.912,90.498,90.634,0.0
2015-01-19,91.373,91.667,91.091,91.44,0.0
2015-01-16,90.712,91.74,90.666,91.7,0.0
2015-01-15,90.552,91.9,90.194,90.732,0.0
2015-01-14,91.22,91.264,89.823,90.536,0.0
2015-01-13,92.01,92.33,90.736,91.215,0.0
2015-01-12,92.938,93.05,91.706,92.005,0.0
2015-01-09,93.405,93.749,92.708,92.92,0.0
2015-01-08,92.77,93.691,92.64,93.412,0.0
2015-01-07,91.878,92.908,91.788,92.787,0.0
2015-01-06,91.69,92.548,91.638,91.876,0.0
2015-01-05,92.424,92.47,91.591,91.662,0.0
2015-01-02,93.41,93.53,92.542,92.86,0.0
2015-01-01,93.3,93.51,93.17,93.413,0.0
2014-12-31,93.465,93.84,93.178,93.257,0.0
2014-12-30,93.84,93.94,93.123,93.494,0.0
2014-12-29,93.225,94.05,93.178,93.795,0.0
2014-12-26,92.965,93.46,92.9,93.101,0.0
2014-12-25,92.98,93.483,92.74,92.99,0.0
2014-12-24,93.051,93.202,92.827,92.98,0.0
2014-12-23,92.712,93.326,92.692,93.042,0.0
2014-12-22,92.441,93.09,92.063,92.712,0.0
2014-12-19,92.425,93.02,92.304,92.51,0.0
2014-12-18,91.466,92.48,91.168,92.447,0.0
2014-12-17,90.615,91.906,90.302,91.484,0.0
2014-12-16,91.221,91.624,89.956,90.622,0.0
2014-12-15,91.958,92.355,90.907,91.222,0.0
2014-12-12,92.86,92.94,91.959,92.314,0.0
2014-12-11,91.963,93.31,91.838,92.841,0.0
2014-12-10,91.72,92.455,90.619,91.963,0.0
2014-12-09,92.348,92.45,91.378,91.702,0.0
2014-12-08,93.574,93.66,92.211,92.343,0.0
2014-12-05,93.197,93.98,93.075,93.66,0.0
2014-12-04,92.79,93.483,92.647,93.194,0.0
2014-12-03,92.909,93.214,92.635,92.788,0.0
2014-12-02,93.059,93.471,92.786,92.912,0.0
2014-12-01,92.9,93.453,92.493,93.049,0.0
2014-11-28,92.588,93.29,92.532,93.03,0.0
2014-11-27,92.582,92.981,92.371,92.575,0.0
2014-11-26,92.031,92.957,91.858,92.541,0.0
2014-11-25,93.02,93.15,91.811,92.048,0.0
2014-11-24,92.88,93.206,92.822,93.017,0.0
